"","Name","ID Number","Date","RTNG"
"1","Adams, Michael",400041,1999-07-01,2708
"2","Adams, Michael",400041,1999-01-01,2716
"3","Adams, Michael",400041,1998-07-01,2715
"4","Adams, Michael",400041,1998-01-01,2670
"5","Adams, Michael",400041,1997-07-01,2680
"6","Adams, Michael",400041,1997-01-01,2665
"7","Adams, Michael",400041,1996-07-01,2685
"8","Adams, Michael",400041,1996-01-01,2660
"9","Adams, Michael",400041,1995-07-01,2660
"10","Adams, Michael",400041,1995-01-01,2655
"11","Adams, Michael",400041,1994-07-01,2640
"12","Adams, Michael",400041,1994-01-01,2660
"13","Adams, Michael",400041,1993-07-01,2630
"14","Adams, Michael",400041,1993-01-01,2630
"15","Adams, Michael",400041,1992-07-01,2610
"16","Adams, Michael",400041,1992-01-01,2620
"17","Adams, Michael",400041,1991-07-01,2615
"18","Adams, Michael",400041,1991-01-01,2600
"19","Adams, Michael",400041,1990-07-01,2590
"20","Adams, Michael",400041,1990-01-01,2555
"21","Adams, Michael",400041,1989-07-01,2505
"22","Adams, Michael",400041,1989-01-01,2495
"23","Adams, Michael",400041,1988-07-01,2460
"24","Adams, Michael",400041,1988-01-01,2430
"25","Adams, Michael",400041,1987-07-01,2360
"26","Adams, Michael",400041,1987-01-01,2360
"27","Adams, Michael",400041,1986-07-01,2260
"28","Adams, Michael",400041,1986-01-01,2295
"29","Adams, Michael",400041,1985-07-01,2360
"30","Akobian, Varuzhan",13300580,1999-07-01,2387
"31","Akobian, Varuzhan",13300580,1999-01-01,2359
"32","Akobian, Varuzhan",13300580,1998-07-01,2345
"33","Akobian, Varuzhan",13300580,1998-01-01,2365
"34","Akobian, Varuzhan",13300580,1997-07-01,2385
"35","Akobian, Varuzhan",13300580,1997-01-01,2240
"36","Akobian, Varuzhan",13300580,1996-07-01,2270
"37","Akopian, Vladimir",13300032,1999-07-01,2646
"38","Akopian, Vladimir",13300032,1999-01-01,2640
"39","Akopian, Vladimir",13300032,1998-07-01,2655
"40","Akopian, Vladimir",13300032,1998-01-01,2660
"41","Akopian, Vladimir",13300032,1997-07-01,2660
"42","Akopian, Vladimir",13300032,1997-01-01,2660
"43","Akopian, Vladimir",13300032,1996-07-01,2630
"44","Akopian, Vladimir",13300032,1996-01-01,2620
"45","Akopian, Vladimir",13300032,1995-07-01,2625
"46","Akopian, Vladimir",13300032,1995-01-01,2655
"47","Akopian, Vladimir",13300032,1994-07-01,2630
"48","Akopian, Vladimir",13300032,1994-01-01,2605
"49","Akopian, Vladimir",13300032,1993-07-01,2600
"50","Akopian, Vladimir",13300032,1993-01-01,2615
"51","Akopian, Vladimir",13300032,1992-07-01,2600
"52","Akopian, Vladimir",13300032,1992-01-01,2605
"53","Akopian, Vladimir",13300032,1991-07-01,2590
"54","Akopian, Vladimir",13300032,1991-01-01,2555
"55","Akopian, Vladimir",13300032,1990-07-01,2535
"56","Akopian, Vladimir",13300032,1990-01-01,2550
"57","Akopian, Vladimir",13300032,1989-07-01,2525
"58","Akopian, Vladimir",13300032,1989-01-01,2520
"59","Akopian, Vladimir",13300032,1988-07-01,2455
"60","Akopian, Vladimir",13300032,1988-01-01,2460
"61","Alekseev, Evgeny",4138147,1999-07-01,2400
"62","Alekseev, Evgeny",4138147,1999-01-01,2300
"63","Alekseev, Evgeny",4138147,1998-07-01,2270
"64","Alekseev, Evgeny",4138147,1998-01-01,2275
"65","Almasi, Zoltan",702293,1999-07-01,2663
"66","Almasi, Zoltan",702293,1999-01-01,2665
"67","Almasi, Zoltan",702293,1998-07-01,2650
"68","Almasi, Zoltan",702293,1998-01-01,2630
"69","Almasi, Zoltan",702293,1997-07-01,2615
"70","Almasi, Zoltan",702293,1997-01-01,2595
"71","Almasi, Zoltan",702293,1996-07-01,2655
"72","Almasi, Zoltan",702293,1996-01-01,2650
"73","Almasi, Zoltan",702293,1995-07-01,2645
"74","Almasi, Zoltan",702293,1995-01-01,2590
"75","Almasi, Zoltan",702293,1994-07-01,2620
"76","Almasi, Zoltan",702293,1994-01-01,2610
"77","Almasi, Zoltan",702293,1993-07-01,2580
"78","Almasi, Zoltan",702293,1993-01-01,2490
"79","Almasi, Zoltan",702293,1992-07-01,2470
"80","Almasi, Zoltan",702293,1992-01-01,2410
"81","Almasi, Zoltan",702293,1991-07-01,2400
"82","Almasi, Zoltan",702293,1991-01-01,2340
"83","Almasi, Zoltan",702293,1990-07-01,2265
"84","Almasi, Zoltan",702293,1990-01-01,2245
"85","Alterman, Boris",2801906,1999-07-01,2562
"86","Alterman, Boris",2801906,1999-01-01,2616
"87","Alterman, Boris",2801906,1998-07-01,2600
"88","Alterman, Boris",2801906,1998-01-01,2615
"89","Alterman, Boris",2801906,1997-07-01,2615
"90","Alterman, Boris",2801906,1997-01-01,2595
"91","Alterman, Boris",2801906,1996-07-01,2595
"92","Alterman, Boris",2801906,1996-01-01,2585
"93","Alterman, Boris",2801906,1995-07-01,2595
"94","Alterman, Boris",2801906,1995-01-01,2575
"95","Alterman, Boris",2801906,1994-07-01,2585
"96","Alterman, Boris",2801906,1994-01-01,2595
"97","Alterman, Boris",2801906,1993-07-01,2585
"98","Alterman, Boris",2801906,1993-01-01,2600
"99","Alterman, Boris",2801906,1992-07-01,2545
"100","Alterman, Boris",2801906,1992-01-01,2515
"101","Alterman, Boris",2801906,1991-07-01,2495
"102","Alterman, Boris",2801906,1991-01-01,2465
"103","Alterman, Boris",2801906,1990-07-01,2400
"104","Amin, Bassem",10601457,1999-07-01,2090
"105","Amin, Bassem",10601457,1999-01-01,2078
"106","Amonatov, Farrukh",14700077,1999-07-01,2308
"107","Amonatov, Farrukh",14700077,1999-01-01,2308
"108","Amonatov, Farrukh",14700077,1998-07-01,2240
"109","Amonatov, Farrukh",14700077,1998-01-01,2240
"110","Amonatov, Farrukh",14700077,1997-07-01,2230
"111","Amonatov, Farrukh",14700077,1997-01-01,2230
"112","Amonatov, Farrukh",14700077,1996-07-01,2110
"113","Amonatov, Farrukh",14700077,1996-01-01,2110
"114","Amonatov, Farrukh",14700077,1995-07-01,2110
"115","Amonatov, Farrukh",14700077,1995-01-01,2110
"116","Anand, Viswanathan",5000017,1999-07-01,2771
"117","Anand, Viswanathan",5000017,1999-01-01,2781
"118","Anand, Viswanathan",5000017,1998-07-01,2795
"119","Anand, Viswanathan",5000017,1998-01-01,2770
"120","Anand, Viswanathan",5000017,1997-07-01,2765
"121","Anand, Viswanathan",5000017,1997-01-01,2765
"122","Anand, Viswanathan",5000017,1996-07-01,2750
"123","Anand, Viswanathan",5000017,1996-01-01,2725
"124","Anand, Viswanathan",5000017,1995-07-01,2725
"125","Anand, Viswanathan",5000017,1995-01-01,2715
"126","Anand, Viswanathan",5000017,1994-07-01,2720
"127","Anand, Viswanathan",5000017,1994-01-01,2715
"128","Anand, Viswanathan",5000017,1993-07-01,2725
"129","Anand, Viswanathan",5000017,1993-01-01,2710
"130","Anand, Viswanathan",5000017,1992-07-01,2690
"131","Anand, Viswanathan",5000017,1992-01-01,2670
"132","Anand, Viswanathan",5000017,1991-07-01,2650
"133","Anand, Viswanathan",5000017,1991-01-01,2635
"134","Anand, Viswanathan",5000017,1990-07-01,2610
"135","Anand, Viswanathan",5000017,1990-01-01,2555
"136","Anand, Viswanathan",5000017,1989-07-01,2555
"137","Anand, Viswanathan",5000017,1989-01-01,2515
"138","Anand, Viswanathan",5000017,1988-07-01,2555
"139","Anand, Viswanathan",5000017,1988-01-01,2520
"140","Anand, Viswanathan",5000017,1987-07-01,2505
"141","Anand, Viswanathan",5000017,1987-01-01,2500
"142","Anand, Viswanathan",5000017,1986-07-01,2420
"143","Anand, Viswanathan",5000017,1986-01-01,2405
"144","Anand, Viswanathan",5000017,1985-07-01,2385
"145","Anand, Viswanathan",5000017,1985-01-01,2380
"146","Anand, Viswanathan",5000017,1984-07-01,2345
"147","Anand, Viswanathan",5000017,1984-01-01,2285
"148","Aronian, Levon",13300474,1999-07-01,2518
"149","Aronian, Levon",13300474,1999-01-01,2502
"150","Aronian, Levon",13300474,1998-07-01,2485
"151","Aronian, Levon",13300474,1998-01-01,2455
"152","Aronian, Levon",13300474,1997-07-01,2435
"153","Aronian, Levon",13300474,1997-01-01,2420
"154","Aronian, Levon",13300474,1996-07-01,2390
"155","Aronian, Levon",13300474,1996-01-01,2310
"156","Aronian, Levon",13300474,1995-07-01,2355
"157","Aronian, Levon",13300474,1995-01-01,2330
"158","Azarov, Sergei",13501470,1999-07-01,2432
"159","Azarov, Sergei",13501470,1999-01-01,2413
"160","Azarov, Sergei",13501470,1998-07-01,2445
"161","Azarov, Sergei",13501470,1998-01-01,2150
"162","Azarov, Sergei",13501470,1997-07-01,2150
"163","Azarov, Sergei",13501470,1997-01-01,2115
"164","Azmaiparashvili, Zurab",13601326,1999-07-01,2681
"165","Azmaiparashvili, Zurab",13601326,1999-01-01,2681
"166","Azmaiparashvili, Zurab",13601326,1998-07-01,2655
"167","Azmaiparashvili, Zurab",13601326,1998-01-01,2650
"168","Azmaiparashvili, Zurab",13601326,1997-07-01,2645
"169","Azmaiparashvili, Zurab",13601326,1997-01-01,2650
"170","Azmaiparashvili, Zurab",13601326,1996-07-01,2670
"171","Azmaiparashvili, Zurab",13601326,1996-01-01,2660
"172","Azmaiparashvili, Zurab",13601326,1995-07-01,2620
"173","Azmaiparashvili, Zurab",13601326,1995-01-01,2610
"174","Azmaiparashvili, Zurab",13601326,1994-07-01,2625
"175","Azmaiparashvili, Zurab",13601326,1994-01-01,2625
"176","Azmaiparashvili, Zurab",13601326,1993-07-01,2630
"177","Azmaiparashvili, Zurab",13601326,1993-01-01,2655
"178","Azmaiparashvili, Zurab",13601326,1992-07-01,2620
"179","Azmaiparashvili, Zurab",13601326,1992-01-01,2610
"180","Azmaiparashvili, Zurab",13601326,1991-07-01,2615
"181","Azmaiparashvili, Zurab",13601326,1991-01-01,2585
"182","Azmaiparashvili, Zurab",13601326,1990-07-01,2575
"183","Azmaiparashvili, Zurab",13601326,1990-01-01,2610
"184","Azmaiparashvili, Zurab",13601326,1989-07-01,2575
"185","Azmaiparashvili, Zurab",13601326,1989-01-01,2560
"186","Azmaiparashvili, Zurab",13601326,1988-07-01,2540
"187","Azmaiparashvili, Zurab",13601326,1988-01-01,2540
"188","Azmaiparashvili, Zurab",13601326,1987-07-01,2540
"189","Azmaiparashvili, Zurab",13601326,1987-01-01,2505
"190","Azmaiparashvili, Zurab",13601326,1986-07-01,2470
"191","Azmaiparashvili, Zurab",13601326,1986-01-01,2465
"192","Azmaiparashvili, Zurab",13601326,1985-07-01,2465
"193","Azmaiparashvili, Zurab",13601326,1985-01-01,2465
"194","Azmaiparashvili, Zurab",13601326,1984-07-01,2450
"195","Azmaiparashvili, Zurab",13601326,1984-01-01,2460
"196","Azmaiparashvili, Zurab",13601326,1983-07-01,2455
"197","Azmaiparashvili, Zurab",13601326,1983-01-01,2455
"198","Azmaiparashvili, Zurab",13601326,1982-07-01,2435
"199","Azmaiparashvili, Zurab",13601326,1982-01-01,2445
"200","Azmaiparashvili, Zurab",13601326,1981-07-01,2390
"201","Azmaiparashvili, Zurab",13601326,1981-01-01,2380
"202","Azmaiparashvili, Zurab",13601326,1980-01-01,2415
"203","Bacrot, Etienne",605506,1999-07-01,2592
"204","Bacrot, Etienne",605506,1999-01-01,2561
"205","Bacrot, Etienne",605506,1998-07-01,2555
"206","Bacrot, Etienne",605506,1998-01-01,2565
"207","Bacrot, Etienne",605506,1997-07-01,2545
"208","Bacrot, Etienne",605506,1997-01-01,2500
"209","Bacrot, Etienne",605506,1996-07-01,2470
"210","Bacrot, Etienne",605506,1996-01-01,2425
"211","Bacrot, Etienne",605506,1995-07-01,2395
"212","Bacrot, Etienne",605506,1995-01-01,2300
"213","Bacrot, Etienne",605506,1994-07-01,2300
"214","Bacrot, Etienne",605506,1994-01-01,2255
"215","Bacrot, Etienne",605506,1993-07-01,2230
"216","Banikas, Hristos",4202031,1999-07-01,2507
"217","Banikas, Hristos",4202031,1999-01-01,2511
"218","Banikas, Hristos",4202031,1998-07-01,2490
"219","Banikas, Hristos",4202031,1998-01-01,2495
"220","Banikas, Hristos",4202031,1997-07-01,2450
"221","Banikas, Hristos",4202031,1997-01-01,2470
"222","Banikas, Hristos",4202031,1996-07-01,2445
"223","Banikas, Hristos",4202031,1996-01-01,2440
"224","Banikas, Hristos",4202031,1995-07-01,2375
"225","Banikas, Hristos",4202031,1995-01-01,2335
"226","Banikas, Hristos",4202031,1994-07-01,2315
"227","Banikas, Hristos",4202031,1994-01-01,2300
"228","Banikas, Hristos",4202031,1993-07-01,2205
"229","Banusz, Tamas",722413,1999-07-01,2129
"230","Bareev, Evgeny",4100140,1999-07-01,2698
"231","Bareev, Evgeny",4100140,1999-01-01,2679
"232","Bareev, Evgeny",4100140,1998-07-01,2690
"233","Bareev, Evgeny",4100140,1998-01-01,2675
"234","Bareev, Evgeny",4100140,1997-07-01,2670
"235","Bareev, Evgeny",4100140,1997-01-01,2665
"236","Bareev, Evgeny",4100140,1996-07-01,2655
"237","Bareev, Evgeny",4100140,1996-01-01,2645
"238","Bareev, Evgeny",4100140,1995-07-01,2650
"239","Bareev, Evgeny",4100140,1995-01-01,2675
"240","Bareev, Evgeny",4100140,1994-07-01,2675
"241","Bareev, Evgeny",4100140,1994-01-01,2685
"242","Bareev, Evgeny",4100140,1993-07-01,2660
"243","Bareev, Evgeny",4100140,1993-01-01,2670
"244","Bareev, Evgeny",4100140,1992-07-01,2670
"245","Bareev, Evgeny",4100140,1992-01-01,2635
"246","Bareev, Evgeny",4100140,1991-07-01,2680
"247","Bareev, Evgeny",4100140,1991-01-01,2650
"248","Bareev, Evgeny",4100140,1990-07-01,2605
"249","Bareev, Evgeny",4100140,1990-01-01,2590
"250","Bareev, Evgeny",4100140,1989-07-01,2580
"251","Bareev, Evgeny",4100140,1989-01-01,2555
"252","Bareev, Evgeny",4100140,1988-07-01,2560
"253","Bareev, Evgeny",4100140,1988-01-01,2555
"254","Bareev, Evgeny",4100140,1987-07-01,2555
"255","Bareev, Evgeny",4100140,1987-01-01,2535
"256","Bareev, Evgeny",4100140,1986-07-01,2470
"257","Bareev, Evgeny",4100140,1986-01-01,2365
"258","Bareev, Evgeny",4100140,1985-07-01,2310
"259","Bareev, Evgeny",4100140,1985-01-01,2310
"260","Bareev, Evgeny",4100140,1984-07-01,2310
"261","Bartel, Mateusz",1112635,1999-07-01,2343
"262","Bartel, Mateusz",1112635,1999-01-01,2331
"263","Bartel, Mateusz",1112635,1998-07-01,2160
"264","Bartel, Mateusz",1112635,1998-01-01,2170
"265","Bartel, Mateusz",1112635,1997-07-01,2140
"266","Bartel, Mateusz",1112635,1997-01-01,2135
"267","Bauer, Christian",603767,1999-07-01,2480
"268","Bauer, Christian",603767,1999-01-01,2528
"269","Bauer, Christian",603767,1998-07-01,2490
"270","Bauer, Christian",603767,1998-01-01,2520
"271","Bauer, Christian",603767,1997-07-01,2525
"272","Bauer, Christian",603767,1997-01-01,2505
"273","Bauer, Christian",603767,1996-07-01,2465
"274","Bauer, Christian",603767,1996-01-01,2430
"275","Bauer, Christian",603767,1995-07-01,2420
"276","Bauer, Christian",603767,1995-01-01,2430
"277","Bauer, Christian",603767,1994-07-01,2420
"278","Bauer, Christian",603767,1994-01-01,2475
"279","Bauer, Christian",603767,1993-07-01,2485
"280","Bauer, Christian",603767,1993-01-01,2505
"281","Bauer, Christian",603767,1992-07-01,2325
"282","Bauer, Christian",603767,1992-01-01,2275
"283","Berkes, Ferenc",718572,1999-07-01,2353
"284","Berkes, Ferenc",718572,1999-01-01,2351
"285","Berkes, Ferenc",718572,1998-07-01,2290
"286","Berkes, Ferenc",718572,1998-01-01,2230
"287","Berkes, Ferenc",718572,1997-07-01,2220
"288","Brkic, Ante",14506688,1999-07-01,2221
"289","Bu, Xiangzhi",8601445,1999-07-01,2465
"290","Bu, Xiangzhi",8601445,1999-01-01,2365
"291","Bu, Xiangzhi",8601445,1998-07-01,2290
"292","Cheparinov, Ivan",2905540,1999-07-01,2101
"293","Cheparinov, Ivan",2905540,1999-01-01,2101
"294","Cheparinov, Ivan",2905540,1998-07-01,2110
"295","Cheparinov, Ivan",2905540,1998-01-01,2145
"296","Cheparinov, Ivan",2905540,1997-07-01,2145
"297","Chernin, Alexander",715620,1999-07-01,2619
"298","Chernin, Alexander",715620,1999-01-01,2604
"299","Chernin, Alexander",715620,1998-07-01,2610
"300","Chernin, Alexander",715620,1998-01-01,2645
"301","Chernin, Alexander",715620,1997-07-01,2640
"302","Chernin, Alexander",715620,1997-01-01,2635
"303","Chernin, Alexander",715620,1996-07-01,2620
"304","Chernin, Alexander",715620,1996-01-01,2595
"305","Chernin, Alexander",715620,1995-07-01,2600
"306","Chernin, Alexander",715620,1995-01-01,2600
"307","Chernin, Alexander",715620,1994-07-01,2615
"308","Chernin, Alexander",715620,1994-01-01,2630
"309","Chernin, Alexander",715620,1993-07-01,2615
"310","Chernin, Alexander",715620,1993-01-01,2605
"311","Chernin, Alexander",715620,1992-07-01,2600
"312","Chernin, Alexander",715620,1992-01-01,2620
"313","Chernin, Alexander",715620,1991-07-01,2605
"314","Chernin, Alexander",715620,1991-01-01,2610
"315","Chernin, Alexander",715620,1990-07-01,2600
"316","Chernin, Alexander",715620,1990-01-01,2600
"317","Chernin, Alexander",715620,1989-07-01,2580
"318","Chernin, Alexander",715620,1989-01-01,2580
"319","Chernin, Alexander",715620,1988-07-01,2565
"320","Chernin, Alexander",715620,1988-01-01,2560
"321","Chernin, Alexander",715620,1987-07-01,2580
"322","Chernin, Alexander",715620,1987-01-01,2570
"323","Chernin, Alexander",715620,1986-07-01,2565
"324","Chernin, Alexander",715620,1986-01-01,2570
"325","Chernin, Alexander",715620,1985-07-01,2560
"326","Chernin, Alexander",715620,1985-01-01,2495
"327","Chernin, Alexander",715620,1984-07-01,2475
"328","Chernin, Alexander",715620,1984-01-01,2475
"329","Chernin, Alexander",715620,1983-07-01,2455
"330","Chernin, Alexander",715620,1983-01-01,2475
"331","Chernin, Alexander",715620,1982-07-01,2470
"332","Chernin, Alexander",715620,1982-01-01,2490
"333","Chernin, Alexander",715620,1981-07-01,2455
"334","Chernin, Alexander",715620,1981-01-01,2470
"335","Chernin, Alexander",715620,1980-07-01,2375
"336","Drozdovskij, Yuri",14107180,1999-07-01,2315
"337","Drozdovskij, Yuri",14107180,1999-01-01,2312
"338","Drozdovskij, Yuri",14107180,1998-07-01,2295
"339","Drozdovskij, Yuri",14107180,1998-01-01,2220
"340","Efimenko, Zahar",14107201,1999-07-01,2332
"341","Efimenko, Zahar",14107201,1999-01-01,2343
"342","Efimenko, Zahar",14107201,1998-07-01,2330
"343","Efimenko, Zahar",14107201,1998-01-01,2245
"344","Eljanov, Pavel",14102951,1999-07-01,2447
"345","Eljanov, Pavel",14102951,1999-01-01,2418
"346","Eljanov, Pavel",14102951,1998-07-01,2350
"347","Eljanov, Pavel",14102951,1998-01-01,2310
"348","Eljanov, Pavel",14102951,1997-07-01,2190
"349","Eljanov, Pavel",14102951,1997-01-01,2195
"350","Eljanov, Pavel",14102951,1996-07-01,2195
"351","Eljanov, Pavel",14102951,1996-01-01,2155
"352","Erdos, Viktor",719978,1999-07-01,2147
"353","Erdos, Viktor",719978,1999-01-01,2158
"354","Erdos, Viktor",719978,1998-07-01,2115
"355","Erdos, Viktor",719978,1998-01-01,2135
"356","Fressinet, Laurent",608742,1999-07-01,2440
"357","Fressinet, Laurent",608742,1999-01-01,2424
"358","Fressinet, Laurent",608742,1998-07-01,2455
"359","Fressinet, Laurent",608742,1998-01-01,2450
"360","Fressinet, Laurent",608742,1997-07-01,2335
"361","Fressinet, Laurent",608742,1997-01-01,2320
"362","Fressinet, Laurent",608742,1996-07-01,2315
"363","Fressinet, Laurent",608742,1996-01-01,2290
"364","Fressinet, Laurent",608742,1995-07-01,2145
"365","Fressinet, Laurent",608742,1995-01-01,2135
"366","Fridman, Daniel",11600454,1999-07-01,2526
"367","Fridman, Daniel",11600454,1999-01-01,2529
"368","Fridman, Daniel",11600454,1998-07-01,2515
"369","Fridman, Daniel",11600454,1998-01-01,2520
"370","Fridman, Daniel",11600454,1997-07-01,2480
"371","Fridman, Daniel",11600454,1997-01-01,2490
"372","Fridman, Daniel",11600454,1996-07-01,2500
"373","Fridman, Daniel",11600454,1996-01-01,2500
"374","Fridman, Daniel",11600454,1995-07-01,2490
"375","Fridman, Daniel",11600454,1995-01-01,2440
"376","Fridman, Daniel",11600454,1994-07-01,2440
"377","Fridman, Daniel",11600454,1994-01-01,2440
"378","Fridman, Daniel",11600454,1993-07-01,2425
"379","Fridman, Daniel",11600454,1993-01-01,2380
"380","Fridman, Daniel",11600454,1992-07-01,2390
"381","Fridman, Daniel",11600454,1992-01-01,2390
"382","Gajewski, Grzegorz",1116207,1999-07-01,2127
"383","Gajewski, Grzegorz",1116207,1999-01-01,2143
"384","Gajewski, Grzegorz",1116207,1998-07-01,2145
"385","Gajewski, Grzegorz",1116207,1998-01-01,2135
"386","Galkin, Alexander",4120426,1999-07-01,2535
"387","Galkin, Alexander",4120426,1999-01-01,2507
"388","Galkin, Alexander",4120426,1998-07-01,2540
"389","Galkin, Alexander",4120426,1998-01-01,2565
"390","Galkin, Alexander",4120426,1997-07-01,2540
"391","Galkin, Alexander",4120426,1997-01-01,2510
"392","Galkin, Alexander",4120426,1996-07-01,2425
"393","Galkin, Alexander",4120426,1996-01-01,2420
"394","Galkin, Alexander",4120426,1995-07-01,2430
"395","Galkin, Alexander",4120426,1995-01-01,2415
"396","Galkin, Alexander",4120426,1994-07-01,2375
"397","Gelfand, Boris",2805677,1999-07-01,2713
"398","Gelfand, Boris",2805677,1999-01-01,2691
"399","Gelfand, Boris",2805677,1998-07-01,2675
"400","Gelfand, Boris",2805677,1998-01-01,2675
"401","Gelfand, Boris",2805677,1997-07-01,2695
"402","Gelfand, Boris",2805677,1997-01-01,2700
"403","Gelfand, Boris",2805677,1996-07-01,2665
"404","Gelfand, Boris",2805677,1996-01-01,2700
"405","Gelfand, Boris",2805677,1995-07-01,2685
"406","Gelfand, Boris",2805677,1995-01-01,2700
"407","Gelfand, Boris",2805677,1994-07-01,2680
"408","Gelfand, Boris",2805677,1994-01-01,2685
"409","Gelfand, Boris",2805677,1993-07-01,2670
"410","Gelfand, Boris",2805677,1993-01-01,2690
"411","Gelfand, Boris",2805677,1992-07-01,2685
"412","Gelfand, Boris",2805677,1992-01-01,2665
"413","Gelfand, Boris",2805677,1991-07-01,2665
"414","Gelfand, Boris",2805677,1991-01-01,2700
"415","Gelfand, Boris",2805677,1990-07-01,2680
"416","Gelfand, Boris",2805677,1990-01-01,2615
"417","Gelfand, Boris",2805677,1989-07-01,2590
"418","Gelfand, Boris",2805677,1989-01-01,2600
"419","Gelfand, Boris",2805677,1988-07-01,2585
"420","Gelfand, Boris",2805677,1988-01-01,2505
"421","Gelfand, Boris",2805677,1987-07-01,2510
"422","Gozzoli, Yannick",616915,1999-07-01,2234
"423","Gozzoli, Yannick",616915,1999-01-01,2222
"424","Gozzoli, Yannick",616915,1998-07-01,2220
"425","Gozzoli, Yannick",616915,1998-01-01,2225
"426","Grachev, Boris",4129199,1999-07-01,2251
"427","Grachev, Boris",4129199,1999-01-01,2192
"428","Grachev, Boris",4129199,1998-07-01,2235
"429","Grachev, Boris",4129199,1998-01-01,2205
"430","Grachev, Boris",4129199,1997-07-01,2210
"431","Grachev, Boris",4129199,1997-01-01,2225
"432","Grischuk, Alexander",4126025,1999-07-01,2549
"433","Grischuk, Alexander",4126025,1999-01-01,2482
"434","Grischuk, Alexander",4126025,1998-07-01,2490
"435","Grischuk, Alexander",4126025,1998-01-01,2395
"436","Grischuk, Alexander",4126025,1997-07-01,2335
"437","Grischuk, Alexander",4126025,1997-01-01,2340
"438","Grischuk, Alexander",4126025,1996-07-01,2375
"439","Grischuk, Alexander",4126025,1996-01-01,2365
"440","Gupta, Abhijeet",5010608,1999-07-01,2141
"441","Gustafsson, Jan",4625498,1999-07-01,2436
"442","Gustafsson, Jan",4625498,1999-01-01,2416
"443","Gustafsson, Jan",4625498,1998-07-01,2410
"444","Gustafsson, Jan",4625498,1998-01-01,2385
"445","Gustafsson, Jan",4625498,1997-07-01,2375
"446","Gustafsson, Jan",4625498,1997-01-01,2355
"447","Gustafsson, Jan",4625498,1996-07-01,2340
"448","Gustafsson, Jan",4625498,1996-01-01,2310
"449","Gustafsson, Jan",4625498,1995-07-01,2205
"450","Gustafsson, Jan",4625498,1995-01-01,2185
"451","Gyimesi, Zoltan",702218,1999-07-01,2531
"452","Gyimesi, Zoltan",702218,1999-01-01,2529
"453","Gyimesi, Zoltan",702218,1998-07-01,2525
"454","Gyimesi, Zoltan",702218,1998-01-01,2505
"455","Gyimesi, Zoltan",702218,1997-07-01,2525
"456","Gyimesi, Zoltan",702218,1997-01-01,2500
"457","Gyimesi, Zoltan",702218,1996-07-01,2480
"458","Gyimesi, Zoltan",702218,1996-01-01,2545
"459","Gyimesi, Zoltan",702218,1995-07-01,2525
"460","Gyimesi, Zoltan",702218,1995-01-01,2500
"461","Gyimesi, Zoltan",702218,1994-07-01,2430
"462","Gyimesi, Zoltan",702218,1994-01-01,2360
"463","Gyimesi, Zoltan",702218,1993-07-01,2390
"464","Gyimesi, Zoltan",702218,1993-01-01,2395
"465","Gyimesi, Zoltan",702218,1992-07-01,2445
"466","Gyimesi, Zoltan",702218,1992-01-01,2230
"467","Gyimesi, Zoltan",702218,1991-07-01,2225
"468","Gyimesi, Zoltan",702218,1991-01-01,2240
"469","Gyimesi, Zoltan",702218,1990-07-01,2270
"470","Gyimesi, Zoltan",702218,1990-01-01,2280
"471","Inarkiev, Ernesto",4162722,1999-07-01,2423
"472","Inarkiev, Ernesto",4162722,1999-01-01,2397
"473","Inarkiev, Ernesto",4162722,1998-07-01,2300
"474","Inarkiev, Ernesto",4162722,1998-01-01,2300
"475","Izoria, Zviad",13601733,1999-07-01,2272
"476","Izoria, Zviad",13601733,1999-01-01,2280
"477","Izoria, Zviad",13601733,1998-07-01,2250
"478","Izoria, Zviad",13601733,1998-01-01,2270
"479","Jakovenko, Dmitry",4122356,1999-07-01,2443
"480","Jakovenko, Dmitry",4122356,1999-01-01,2408
"481","Jakovenko, Dmitry",4122356,1998-07-01,2410
"482","Jakovenko, Dmitry",4122356,1998-01-01,2410
"483","Jakovenko, Dmitry",4122356,1997-07-01,2420
"484","Jakovenko, Dmitry",4122356,1997-01-01,2375
"485","Jakovenko, Dmitry",4122356,1996-07-01,2375
"486","Jakovenko, Dmitry",4122356,1996-01-01,2315
"487","Jakovenko, Dmitry",4122356,1995-07-01,2275
"488","Jakovenko, Dmitry",4122356,1995-01-01,2275
"489","Kamsky, Gata",2000024,1999-07-01,2720
"490","Kamsky, Gata",2000024,1999-01-01,2720
"491","Kamsky, Gata",2000024,1998-07-01,2720
"492","Kamsky, Gata",2000024,1998-01-01,2720
"493","Kamsky, Gata",2000024,1997-07-01,2720
"494","Kamsky, Gata",2000024,1997-01-01,2720
"495","Kamsky, Gata",2000024,1996-07-01,2745
"496","Kamsky, Gata",2000024,1996-01-01,2735
"497","Kamsky, Gata",2000024,1995-07-01,2735
"498","Kamsky, Gata",2000024,1995-01-01,2710
"499","Kamsky, Gata",2000024,1994-07-01,2695
"500","Kamsky, Gata",2000024,1994-01-01,2695
"501","Kamsky, Gata",2000024,1993-07-01,2645
"502","Kamsky, Gata",2000024,1993-01-01,2655
"503","Kamsky, Gata",2000024,1992-07-01,2655
"504","Kamsky, Gata",2000024,1992-01-01,2655
"505","Kamsky, Gata",2000024,1991-07-01,2595
"506","Kamsky, Gata",2000024,1991-01-01,2640
"507","Kamsky, Gata",2000024,1990-07-01,2650
"508","Kamsky, Gata",2000024,1990-01-01,2510
"509","Kamsky, Gata",2000024,1989-07-01,2345
"510","Kamsky, Gata",2000024,1989-01-01,2345
"511","Kamsky, Gata",2000024,1988-07-01,2380
"512","Kamsky, Gata",2000024,1988-01-01,2380
"513","Karpov, Anatoly",4100026,1999-07-01,2709
"514","Karpov, Anatoly",4100026,1999-01-01,2710
"515","Karpov, Anatoly",4100026,1998-07-01,2725
"516","Karpov, Anatoly",4100026,1998-01-01,2735
"517","Karpov, Anatoly",4100026,1997-07-01,2745
"518","Karpov, Anatoly",4100026,1997-01-01,2760
"519","Karpov, Anatoly",4100026,1996-07-01,2775
"520","Karpov, Anatoly",4100026,1996-01-01,2770
"521","Karpov, Anatoly",4100026,1995-07-01,2775
"522","Karpov, Anatoly",4100026,1995-01-01,2765
"523","Karpov, Anatoly",4100026,1994-07-01,2780
"524","Karpov, Anatoly",4100026,1994-01-01,2740
"525","Karpov, Anatoly",4100026,1993-07-01,2760
"526","Karpov, Anatoly",4100026,1993-01-01,2725
"527","Karpov, Anatoly",4100026,1992-07-01,2715
"528","Karpov, Anatoly",4100026,1992-01-01,2725
"529","Karpov, Anatoly",4100026,1991-07-01,2730
"530","Karpov, Anatoly",4100026,1991-01-01,2725
"531","Karpov, Anatoly",4100026,1990-07-01,2730
"532","Karpov, Anatoly",4100026,1990-01-01,2730
"533","Karpov, Anatoly",4100026,1989-07-01,2755
"534","Karpov, Anatoly",4100026,1989-01-01,2750
"535","Karpov, Anatoly",4100026,1988-07-01,2725
"536","Karpov, Anatoly",4100026,1988-01-01,2715
"537","Karpov, Anatoly",4100026,1987-07-01,2700
"538","Karpov, Anatoly",4100026,1987-01-01,2710
"539","Karpov, Anatoly",4100026,1986-07-01,2705
"540","Karpov, Anatoly",4100026,1986-01-01,2700
"541","Karpov, Anatoly",4100026,1985-07-01,2720
"542","Karpov, Anatoly",4100026,1985-01-01,2705
"543","Karpov, Anatoly",4100026,1984-07-01,2705
"544","Karpov, Anatoly",4100026,1984-01-01,2700
"545","Karpov, Anatoly",4100026,1983-07-01,2710
"546","Karpov, Anatoly",4100026,1983-01-01,2710
"547","Karpov, Anatoly",4100026,1982-07-01,2700
"548","Karpov, Anatoly",4100026,1982-01-01,2720
"549","Karpov, Anatoly",4100026,1981-07-01,2700
"550","Karpov, Anatoly",4100026,1981-01-01,2690
"551","Karpov, Anatoly",4100026,1980-01-01,2725
"552","Karpov, Anatoly",4100026,1979-01-01,2705
"553","Karpov, Anatoly",4100026,1978-01-01,2725
"554","Karpov, Anatoly",4100026,1977-01-01,2690
"555","Karpov, Anatoly",4100026,1976-01-01,2695
"556","Karpov, Anatoly",4100026,1975-01-01,2705
"557","Karpov, Anatoly",4100026,1974-05-01,2700
"558","Karpov, Anatoly",4100026,1973-07-01,2660
"559","Karpov, Anatoly",4100026,1972-07-01,2630
"560","Karpov, Anatoly",4100026,1971-07-01,2540
"561","Kasimdzhanov, Rustam",14200244,1999-07-01,2603
"562","Kasimdzhanov, Rustam",14200244,1999-01-01,2606
"563","Kasimdzhanov, Rustam",14200244,1998-07-01,2570
"564","Kasimdzhanov, Rustam",14200244,1998-01-01,2565
"565","Kasimdzhanov, Rustam",14200244,1997-07-01,2545
"566","Kasimdzhanov, Rustam",14200244,1997-01-01,2465
"567","Kasimdzhanov, Rustam",14200244,1996-07-01,2435
"568","Kasimdzhanov, Rustam",14200244,1996-01-01,2425
"569","Kasimdzhanov, Rustam",14200244,1995-07-01,2435
"570","Kasimdzhanov, Rustam",14200244,1995-01-01,2395
"571","Kasimdzhanov, Rustam",14200244,1994-07-01,2390
"572","Kasimdzhanov, Rustam",14200244,1994-01-01,2360
"573","Kasimdzhanov, Rustam",14200244,1993-07-01,2360
"574","Khalifman, Alexander",4100115,1999-07-01,2628
"575","Khalifman, Alexander",4100115,1999-01-01,2616
"576","Khalifman, Alexander",4100115,1998-07-01,2645
"577","Khalifman, Alexander",4100115,1998-01-01,2660
"578","Khalifman, Alexander",4100115,1997-07-01,2655
"579","Khalifman, Alexander",4100115,1997-01-01,2650
"580","Khalifman, Alexander",4100115,1996-07-01,2640
"581","Khalifman, Alexander",4100115,1996-01-01,2650
"582","Khalifman, Alexander",4100115,1995-07-01,2655
"583","Khalifman, Alexander",4100115,1995-01-01,2635
"584","Khalifman, Alexander",4100115,1994-07-01,2645
"585","Khalifman, Alexander",4100115,1994-01-01,2660
"586","Khalifman, Alexander",4100115,1993-07-01,2645
"587","Khalifman, Alexander",4100115,1993-01-01,2630
"588","Khalifman, Alexander",4100115,1992-07-01,2635
"589","Khalifman, Alexander",4100115,1992-01-01,2625
"590","Khalifman, Alexander",4100115,1991-07-01,2630
"591","Khalifman, Alexander",4100115,1991-01-01,2640
"592","Khalifman, Alexander",4100115,1990-07-01,2615
"593","Khalifman, Alexander",4100115,1990-01-01,2560
"594","Khalifman, Alexander",4100115,1989-07-01,2545
"595","Khalifman, Alexander",4100115,1989-01-01,2545
"596","Khalifman, Alexander",4100115,1988-07-01,2530
"597","Khalifman, Alexander",4100115,1988-01-01,2505
"598","Khalifman, Alexander",4100115,1987-07-01,2520
"599","Khalifman, Alexander",4100115,1987-01-01,2515
"600","Khalifman, Alexander",4100115,1986-07-01,2500
"601","Khalifman, Alexander",4100115,1986-01-01,2490
"602","Khalifman, Alexander",4100115,1985-07-01,2490
"603","Khalifman, Alexander",4100115,1985-01-01,2485
"604","Khismatullin, Denis",4142578,1999-07-01,2285
"605","Korobov, Anton",14105730,1999-07-01,2336
"606","Korobov, Anton",14105730,1999-01-01,2320
"607","Korobov, Anton",14105730,1998-07-01,2350
"608","Korobov, Anton",14105730,1998-01-01,2165
"609","Korobov, Anton",14105730,1997-07-01,2165
"610","Kramnik, Vladimir",4101588,1999-07-01,2760
"611","Kramnik, Vladimir",4101588,1999-01-01,2751
"612","Kramnik, Vladimir",4101588,1998-07-01,2780
"613","Kramnik, Vladimir",4101588,1998-01-01,2790
"614","Kramnik, Vladimir",4101588,1997-07-01,2770
"615","Kramnik, Vladimir",4101588,1997-01-01,2740
"616","Kramnik, Vladimir",4101588,1996-07-01,2765
"617","Kramnik, Vladimir",4101588,1996-01-01,2775
"618","Kramnik, Vladimir",4101588,1995-07-01,2730
"619","Kramnik, Vladimir",4101588,1995-01-01,2715
"620","Kramnik, Vladimir",4101588,1994-07-01,2725
"621","Kramnik, Vladimir",4101588,1994-01-01,2710
"622","Kramnik, Vladimir",4101588,1993-07-01,2710
"623","Kramnik, Vladimir",4101588,1993-01-01,2685
"624","Kramnik, Vladimir",4101588,1992-07-01,2625
"625","Kramnik, Vladimir",4101588,1992-01-01,2590
"626","Kramnik, Vladimir",4101588,1991-07-01,2490
"627","Kramnik, Vladimir",4101588,1991-01-01,2480
"628","Kramnik, Vladimir",4101588,1990-07-01,2450
"629","Kramnik, Vladimir",4101588,1990-01-01,2450
"630","Kramnik, Vladimir",4101588,1989-07-01,2490
"631","Landa, Konstantin",4101685,1999-07-01,2591
"632","Landa, Konstantin",4101685,1999-01-01,2542
"633","Landa, Konstantin",4101685,1998-07-01,2520
"634","Landa, Konstantin",4101685,1998-01-01,2505
"635","Landa, Konstantin",4101685,1997-07-01,2560
"636","Landa, Konstantin",4101685,1997-01-01,2570
"637","Landa, Konstantin",4101685,1996-07-01,2570
"638","Landa, Konstantin",4101685,1996-01-01,2560
"639","Landa, Konstantin",4101685,1995-07-01,2515
"640","Landa, Konstantin",4101685,1995-01-01,2500
"641","Landa, Konstantin",4101685,1994-07-01,2510
"642","Landa, Konstantin",4101685,1994-01-01,2510
"643","Landa, Konstantin",4101685,1993-07-01,2455
"644","Landa, Konstantin",4101685,1993-01-01,2455
"645","Landa, Konstantin",4101685,1992-07-01,2450
"646","Landa, Konstantin",4101685,1992-01-01,2440
"647","Landa, Konstantin",4101685,1991-07-01,2435
"648","Landa, Konstantin",4101685,1991-01-01,2460
"649","Landa, Konstantin",4101685,1990-07-01,2445
"650","Lautier, Joel",600016,1999-07-01,2638
"651","Lautier, Joel",600016,1999-01-01,2596
"652","Lautier, Joel",600016,1998-07-01,2625
"653","Lautier, Joel",600016,1998-01-01,2645
"654","Lautier, Joel",600016,1997-07-01,2660
"655","Lautier, Joel",600016,1997-01-01,2630
"656","Lautier, Joel",600016,1996-07-01,2620
"657","Lautier, Joel",600016,1996-01-01,2630
"658","Lautier, Joel",600016,1995-07-01,2645
"659","Lautier, Joel",600016,1995-01-01,2655
"660","Lautier, Joel",600016,1994-07-01,2645
"661","Lautier, Joel",600016,1994-01-01,2625
"662","Lautier, Joel",600016,1993-07-01,2620
"663","Lautier, Joel",600016,1993-01-01,2645
"664","Lautier, Joel",600016,1992-07-01,2580
"665","Lautier, Joel",600016,1992-01-01,2580
"666","Lautier, Joel",600016,1991-07-01,2560
"667","Lautier, Joel",600016,1991-01-01,2550
"668","Lautier, Joel",600016,1990-07-01,2570
"669","Lautier, Joel",600016,1990-01-01,2500
"670","Lautier, Joel",600016,1989-07-01,2465
"671","Lautier, Joel",600016,1989-01-01,2450
"672","Lautier, Joel",600016,1988-07-01,2365
"673","Lautier, Joel",600016,1988-01-01,2290
"674","Lautier, Joel",600016,1987-07-01,2290
"675","Lautier, Joel",600016,1987-01-01,2255
"676","Lautier, Joel",600016,1986-07-01,2255
"677","Leko, Peter",703303,1999-07-01,2701
"678","Leko, Peter",703303,1999-01-01,2694
"679","Leko, Peter",703303,1998-07-01,2665
"680","Leko, Peter",703303,1998-01-01,2670
"681","Leko, Peter",703303,1997-07-01,2635
"682","Leko, Peter",703303,1997-01-01,2600
"683","Leko, Peter",703303,1996-07-01,2630
"684","Leko, Peter",703303,1996-01-01,2625
"685","Leko, Peter",703303,1995-07-01,2605
"686","Leko, Peter",703303,1995-01-01,2555
"687","Leko, Peter",703303,1994-07-01,2555
"688","Leko, Peter",703303,1994-01-01,2545
"689","Leko, Peter",703303,1993-07-01,2555
"690","Leko, Peter",703303,1993-01-01,2465
"691","Leko, Peter",703303,1992-07-01,2460
"692","Leko, Peter",703303,1992-01-01,2385
"693","Leko, Peter",703303,1991-07-01,2385
"694","Leko, Peter",703303,1991-01-01,2255
"695","Leko, Peter",703303,1990-07-01,2240
"696","Lupulescu, Constantin",1207822,1999-07-01,2361
"697","Lupulescu, Constantin",1207822,1999-01-01,2261
"698","Lupulescu, Constantin",1207822,1998-07-01,2205
"699","Lupulescu, Constantin",1207822,1998-01-01,2200
"700","Lupulescu, Constantin",1207822,1997-07-01,2280
"701","Lupulescu, Constantin",1207822,1997-01-01,2045
"702","Lupulescu, Constantin",1207822,1996-07-01,2025
"703","Lysyj, Igor",4150120,1999-07-01,2219
"704","Mamedyarov, Shakhriyar",13401319,1999-07-01,2201
"705","Mamedyarov, Shakhriyar",13401319,1999-01-01,2201
"706","Mastrovasilis, Dimitrios",4202694,1999-07-01,2384
"707","Mastrovasilis, Dimitrios",4202694,1999-01-01,2363
"708","Mastrovasilis, Dimitrios",4202694,1998-07-01,2280
"709","Mastrovasilis, Dimitrios",4202694,1998-01-01,2280
"710","Mastrovasilis, Dimitrios",4202694,1997-07-01,2215
"711","Mastrovasilis, Dimitrios",4202694,1997-01-01,2145
"712","Mastrovasilis, Dimitrios",4202694,1996-07-01,2110
"713","Mastrovasilis, Dimitrios",4202694,1996-01-01,2085
"714","Mastrovasilis, Dimitrios",4202694,1995-07-01,2095
"715","Mastrovasilis, Dimitrios",4202694,1995-01-01,2105
"716","Mastrovasilis, Dimitrios",4202694,1994-07-01,2105
"717","Milov, Vadim",1304364,1999-07-01,2626
"718","Milov, Vadim",1304364,1999-01-01,2636
"719","Milov, Vadim",1304364,1998-07-01,2640
"720","Milov, Vadim",1304364,1998-01-01,2635
"721","Milov, Vadim",1304364,1997-07-01,2635
"722","Milov, Vadim",1304364,1997-01-01,2610
"723","Milov, Vadim",1304364,1996-07-01,2565
"724","Milov, Vadim",1304364,1996-01-01,2585
"725","Milov, Vadim",1304364,1995-07-01,2570
"726","Milov, Vadim",1304364,1995-01-01,2580
"727","Milov, Vadim",1304364,1994-07-01,2590
"728","Milov, Vadim",1304364,1994-01-01,2585
"729","Milov, Vadim",1304364,1993-07-01,2500
"730","Milov, Vadim",1304364,1993-01-01,2410
"731","Milov, Vadim",1304364,1992-07-01,2340
"732","Milov, Vadim",1304364,1992-01-01,2335
"733","Milov, Vadim",1304364,1991-07-01,2365
"734","Moiseenko, Alexander",14102560,1999-07-01,2501
"735","Moiseenko, Alexander",14102560,1999-01-01,2428
"736","Moiseenko, Alexander",14102560,1998-07-01,2405
"737","Moiseenko, Alexander",14102560,1998-01-01,2435
"738","Moiseenko, Alexander",14102560,1997-07-01,2435
"739","Moiseenko, Alexander",14102560,1997-01-01,2370
"740","Moiseenko, Alexander",14102560,1996-07-01,2390
"741","Moiseenko, Alexander",14102560,1996-01-01,2310
"742","Moiseenko, Alexander",14102560,1995-07-01,2275
"743","Moiseenko, Alexander",14102560,1995-01-01,2275
"744","Morozevich, Alexander",4116992,1999-07-01,2758
"745","Morozevich, Alexander",4116992,1999-01-01,2723
"746","Morozevich, Alexander",4116992,1998-07-01,2625
"747","Morozevich, Alexander",4116992,1998-01-01,2590
"748","Morozevich, Alexander",4116992,1997-07-01,2590
"749","Morozevich, Alexander",4116992,1997-01-01,2595
"750","Morozevich, Alexander",4116992,1996-07-01,2610
"751","Morozevich, Alexander",4116992,1996-01-01,2625
"752","Morozevich, Alexander",4116992,1995-07-01,2630
"753","Morozevich, Alexander",4116992,1995-01-01,2605
"754","Morozevich, Alexander",4116992,1994-07-01,2575
"755","Morozevich, Alexander",4116992,1994-01-01,2590
"756","Morozevich, Alexander",4116992,1993-07-01,2545
"757","Morozevich, Alexander",4116992,1993-01-01,2440
"758","Morozevich, Alexander",4116992,1992-07-01,2385
"759","Motylev, Alexander",4121830,1999-07-01,2532
"760","Motylev, Alexander",4121830,1999-01-01,2514
"761","Motylev, Alexander",4121830,1998-07-01,2465
"762","Motylev, Alexander",4121830,1998-01-01,2455
"763","Motylev, Alexander",4121830,1997-07-01,2450
"764","Motylev, Alexander",4121830,1997-01-01,2455
"765","Motylev, Alexander",4121830,1996-07-01,2375
"766","Motylev, Alexander",4121830,1996-01-01,2280
"767","Motylev, Alexander",4121830,1995-07-01,2285
"768","Motylev, Alexander",4121830,1995-01-01,2330
"769","Movsesian, Sergei",310204,1999-07-01,2659
"770","Movsesian, Sergei",310204,1999-01-01,2650
"771","Movsesian, Sergei",310204,1998-07-01,2640
"772","Movsesian, Sergei",310204,1998-01-01,2595
"773","Movsesian, Sergei",310204,1997-07-01,2555
"774","Movsesian, Sergei",310204,1997-01-01,2630
"775","Movsesian, Sergei",310204,1996-07-01,2635
"776","Movsesian, Sergei",310204,1996-01-01,2580
"777","Movsesian, Sergei",310204,1995-07-01,2470
"778","Movsesian, Sergei",310204,1995-01-01,2435
"779","Movsesian, Sergei",310204,1994-07-01,2395
"780","Movsesian, Sergei",310204,1994-01-01,2395
"781","Movsesian, Sergei",310204,1993-07-01,2380
"782","Movsesian, Sergei",310204,1993-01-01,2430
"783","Najer, Evgeniy",4118987,1999-07-01,2562
"784","Najer, Evgeniy",4118987,1999-01-01,2522
"785","Najer, Evgeniy",4118987,1998-07-01,2535
"786","Najer, Evgeniy",4118987,1998-01-01,2500
"787","Najer, Evgeniy",4118987,1997-07-01,2515
"788","Najer, Evgeniy",4118987,1997-01-01,2510
"789","Najer, Evgeniy",4118987,1996-07-01,2480
"790","Najer, Evgeniy",4118987,1996-01-01,2455
"791","Najer, Evgeniy",4118987,1995-07-01,2455
"792","Najer, Evgeniy",4118987,1995-01-01,2455
"793","Najer, Evgeniy",4118987,1994-07-01,2465
"794","Najer, Evgeniy",4118987,1994-01-01,2495
"795","Najer, Evgeniy",4118987,1993-07-01,2310
"796","Nakamura, Hikaru",2016192,1999-07-01,2204
"797","Nakamura, Hikaru",2016192,1999-01-01,2182
"798","Navara, David",309095,1999-07-01,2406
"799","Navara, David",309095,1999-01-01,2412
"800","Navara, David",309095,1998-07-01,2275
"801","Navara, David",309095,1998-01-01,2175
"802","Navara, David",309095,1997-07-01,2075
"803","Navara, David",309095,1997-01-01,2100
"804","Ni, Hua",8601160,1999-07-01,2369
"805","Ni, Hua",8601160,1999-01-01,2333
"806","Ni, Hua",8601160,1998-07-01,2285
"807","Ni, Hua",8601160,1998-01-01,2275
"808","Ni, Hua",8601160,1997-07-01,2240
"809","Ni, Hua",8601160,1997-01-01,2220
"810","Nisipeanu, Liviu-Dieter",1202758,1999-07-01,2584
"811","Nisipeanu, Liviu-Dieter",1202758,1999-01-01,2594
"812","Nisipeanu, Liviu-Dieter",1202758,1998-07-01,2575
"813","Nisipeanu, Liviu-Dieter",1202758,1998-01-01,2610
"814","Nisipeanu, Liviu-Dieter",1202758,1997-07-01,2600
"815","Nisipeanu, Liviu-Dieter",1202758,1997-01-01,2545
"816","Nisipeanu, Liviu-Dieter",1202758,1996-07-01,2500
"817","Nisipeanu, Liviu-Dieter",1202758,1996-01-01,2515
"818","Nisipeanu, Liviu-Dieter",1202758,1995-07-01,2465
"819","Nisipeanu, Liviu-Dieter",1202758,1995-01-01,2420
"820","Nisipeanu, Liviu-Dieter",1202758,1994-07-01,2420
"821","Nisipeanu, Liviu-Dieter",1202758,1994-01-01,2410
"822","Nisipeanu, Liviu-Dieter",1202758,1993-07-01,2390
"823","Nisipeanu, Liviu-Dieter",1202758,1993-01-01,2395
"824","Nisipeanu, Liviu-Dieter",1202758,1992-07-01,2325
"825","Nisipeanu, Liviu-Dieter",1202758,1992-01-01,2310
"826","Onischuk, Alexander",14101025,1999-07-01,2657
"827","Onischuk, Alexander",14101025,1999-01-01,2646
"828","Onischuk, Alexander",14101025,1998-07-01,2630
"829","Onischuk, Alexander",14101025,1998-01-01,2610
"830","Onischuk, Alexander",14101025,1997-07-01,2625
"831","Onischuk, Alexander",14101025,1997-01-01,2580
"832","Onischuk, Alexander",14101025,1996-07-01,2605
"833","Onischuk, Alexander",14101025,1996-01-01,2580
"834","Onischuk, Alexander",14101025,1995-07-01,2575
"835","Onischuk, Alexander",14101025,1995-01-01,2590
"836","Onischuk, Alexander",14101025,1994-07-01,2585
"837","Onischuk, Alexander",14101025,1994-01-01,2535
"838","Onischuk, Alexander",14101025,1993-07-01,2495
"839","Onischuk, Alexander",14101025,1993-01-01,2420
"840","Onischuk, Alexander",14101025,1992-07-01,2375
"841","Onischuk, Alexander",14101025,1992-01-01,2370
"842","Onischuk, Alexander",14101025,1991-07-01,2380
"843","Onischuk, Alexander",14101025,1991-01-01,2340
"844","Papaioannou, Ioannis",4201345,1999-07-01,2561
"845","Papaioannou, Ioannis",4201345,1999-01-01,2552
"846","Papaioannou, Ioannis",4201345,1998-07-01,2520
"847","Papaioannou, Ioannis",4201345,1998-01-01,2490
"848","Papaioannou, Ioannis",4201345,1997-07-01,2480
"849","Papaioannou, Ioannis",4201345,1997-01-01,2470
"850","Papaioannou, Ioannis",4201345,1996-07-01,2495
"851","Papaioannou, Ioannis",4201345,1996-01-01,2425
"852","Papaioannou, Ioannis",4201345,1995-07-01,2405
"853","Papaioannou, Ioannis",4201345,1995-01-01,2400
"854","Papaioannou, Ioannis",4201345,1994-07-01,2400
"855","Papaioannou, Ioannis",4201345,1994-01-01,2400
"856","Papaioannou, Ioannis",4201345,1993-07-01,2385
"857","Papaioannou, Ioannis",4201345,1993-01-01,2400
"858","Papaioannou, Ioannis",4201345,1992-07-01,2335
"859","Papaioannou, Ioannis",4201345,1992-01-01,2300
"860","Pashikian, Arman",13301578,1999-07-01,2260
"861","Pashikian, Arman",13301578,1999-01-01,2260
"862","Piket, Jeroen",1000055,1999-07-01,2625
"863","Piket, Jeroen",1000055,1999-01-01,2619
"864","Piket, Jeroen",1000055,1998-07-01,2605
"865","Piket, Jeroen",1000055,1998-01-01,2575
"866","Piket, Jeroen",1000055,1997-07-01,2630
"867","Piket, Jeroen",1000055,1997-01-01,2640
"868","Piket, Jeroen",1000055,1996-07-01,2580
"869","Piket, Jeroen",1000055,1996-01-01,2570
"870","Piket, Jeroen",1000055,1995-07-01,2625
"871","Piket, Jeroen",1000055,1995-01-01,2670
"872","Piket, Jeroen",1000055,1994-07-01,2640
"873","Piket, Jeroen",1000055,1994-01-01,2605
"874","Piket, Jeroen",1000055,1993-07-01,2590
"875","Piket, Jeroen",1000055,1993-01-01,2590
"876","Piket, Jeroen",1000055,1992-07-01,2625
"877","Piket, Jeroen",1000055,1992-01-01,2615
"878","Piket, Jeroen",1000055,1991-07-01,2590
"879","Piket, Jeroen",1000055,1991-01-01,2550
"880","Piket, Jeroen",1000055,1990-07-01,2495
"881","Piket, Jeroen",1000055,1990-01-01,2495
"882","Piket, Jeroen",1000055,1989-07-01,2540
"883","Piket, Jeroen",1000055,1989-01-01,2500
"884","Piket, Jeroen",1000055,1988-07-01,2495
"885","Piket, Jeroen",1000055,1988-01-01,2470
"886","Piket, Jeroen",1000055,1987-07-01,2450
"887","Piket, Jeroen",1000055,1987-01-01,2405
"888","Piket, Jeroen",1000055,1986-07-01,2390
"889","Piket, Jeroen",1000055,1986-01-01,2410
"890","Piket, Jeroen",1000055,1985-07-01,2400
"891","Piket, Jeroen",1000055,1985-01-01,2380
"892","Piket, Jeroen",1000055,1984-07-01,2260
"893","Piket, Jeroen",1000055,1984-01-01,2260
"894","Piket, Jeroen",1000055,1983-07-01,2260
"895","Piket, Jeroen",1000055,1983-01-01,2260
"896","Polgar, Judit",700070,1999-07-01,2671
"897","Polgar, Judit",700070,1999-01-01,2677
"898","Polgar, Judit",700070,1998-07-01,2665
"899","Polgar, Judit",700070,1998-01-01,2675
"900","Polgar, Judit",700070,1997-07-01,2670
"901","Polgar, Judit",700070,1997-01-01,2645
"902","Polgar, Judit",700070,1996-07-01,2665
"903","Polgar, Judit",700070,1996-01-01,2675
"904","Polgar, Judit",700070,1995-07-01,2635
"905","Polgar, Judit",700070,1995-01-01,2630
"906","Polgar, Judit",700070,1994-07-01,2630
"907","Polgar, Judit",700070,1994-01-01,2630
"908","Polgar, Judit",700070,1993-07-01,2635
"909","Polgar, Judit",700070,1993-01-01,2595
"910","Polgar, Judit",700070,1992-07-01,2575
"911","Polgar, Judit",700070,1992-01-01,2550
"912","Polgar, Judit",700070,1991-07-01,2550
"913","Polgar, Judit",700070,1991-01-01,2540
"914","Polgar, Judit",700070,1990-07-01,2540
"915","Polgar, Judit",700070,1990-01-01,2550
"916","Polgar, Judit",700070,1989-07-01,2555
"917","Polgar, Judit",700070,1989-01-01,2555
"918","Polgar, Judit",700070,1988-07-01,2365
"919","Polgar, Judit",700070,1988-01-01,2320
"920","Polgar, Judit",700070,1987-07-01,2355
"921","Polgar, Judit",700070,1987-01-01,2355
"922","Ponomariov, Ruslan",14103320,1999-07-01,2616
"923","Ponomariov, Ruslan",14103320,1999-01-01,2609
"924","Ponomariov, Ruslan",14103320,1998-07-01,2585
"925","Ponomariov, Ruslan",14103320,1998-01-01,2580
"926","Ponomariov, Ruslan",14103320,1997-07-01,2555
"927","Ponomariov, Ruslan",14103320,1997-01-01,2565
"928","Ponomariov, Ruslan",14103320,1996-07-01,2550
"929","Ponomariov, Ruslan",14103320,1996-01-01,2350
"930","Radjabov, Teimour",13400924,1999-07-01,2438
"931","Radjabov, Teimour",13400924,1999-01-01,2395
"932","Radjabov, Teimour",13400924,1998-07-01,2325
"933","Radjabov, Teimour",13400924,1998-01-01,2250
"934","Radjabov, Teimour",13400924,1997-07-01,2245
"935","Riazantsev, Alexander",4125029,1999-07-01,2417
"936","Riazantsev, Alexander",4125029,1999-01-01,2387
"937","Riazantsev, Alexander",4125029,1998-07-01,2335
"938","Riazantsev, Alexander",4125029,1998-01-01,2290
"939","Riazantsev, Alexander",4125029,1997-07-01,2275
"940","Riazantsev, Alexander",4125029,1997-01-01,2330
"941","Riazantsev, Alexander",4125029,1996-07-01,2350
"942","Riazantsev, Alexander",4125029,1996-01-01,2300
"943","Rublevsky, Sergei",4115309,1999-07-01,2660
"944","Rublevsky, Sergei",4115309,1999-01-01,2684
"945","Rublevsky, Sergei",4115309,1998-07-01,2685
"946","Rublevsky, Sergei",4115309,1998-01-01,2665
"947","Rublevsky, Sergei",4115309,1997-07-01,2650
"948","Rublevsky, Sergei",4115309,1997-01-01,2645
"949","Rublevsky, Sergei",4115309,1996-07-01,2645
"950","Rublevsky, Sergei",4115309,1996-01-01,2610
"951","Rublevsky, Sergei",4115309,1995-07-01,2595
"952","Rublevsky, Sergei",4115309,1995-01-01,2585
"953","Rublevsky, Sergei",4115309,1994-07-01,2565
"954","Rublevsky, Sergei",4115309,1994-01-01,2550
"955","Rublevsky, Sergei",4115309,1993-07-01,2525
"956","Rublevsky, Sergei",4115309,1993-01-01,2515
"957","Rublevsky, Sergei",4115309,1992-07-01,2535
"958","Rublevsky, Sergei",4115309,1992-01-01,2505
"959","Rublevsky, Sergei",4115309,1991-07-01,2420
"960","Sadvakasov, Darmen",13700464,1999-07-01,2468
"961","Sadvakasov, Darmen",13700464,1999-01-01,2487
"962","Sadvakasov, Darmen",13700464,1998-07-01,2440
"963","Sadvakasov, Darmen",13700464,1998-01-01,2415
"964","Sadvakasov, Darmen",13700464,1997-07-01,2410
"965","Sadvakasov, Darmen",13700464,1997-01-01,2405
"966","Sadvakasov, Darmen",13700464,1996-07-01,2360
"967","Sadvakasov, Darmen",13700464,1996-01-01,2280
"968","Sadvakasov, Darmen",13700464,1995-07-01,2260
"969","Sadvakasov, Darmen",13700464,1995-01-01,2290
"970","Salov, Valery",4100069,1999-07-01,2656
"971","Salov, Valery",4100069,1999-01-01,2670
"972","Salov, Valery",4100069,1998-07-01,2670
"973","Salov, Valery",4100069,1998-01-01,2680
"974","Salov, Valery",4100069,1997-07-01,2680
"975","Salov, Valery",4100069,1997-01-01,2665
"976","Salov, Valery",4100069,1996-07-01,2675
"977","Salov, Valery",4100069,1996-01-01,2670
"978","Salov, Valery",4100069,1995-07-01,2685
"979","Salov, Valery",4100069,1995-01-01,2715
"980","Salov, Valery",4100069,1994-07-01,2710
"981","Salov, Valery",4100069,1994-01-01,2685
"982","Salov, Valery",4100069,1993-07-01,2685
"983","Salov, Valery",4100069,1993-01-01,2660
"984","Salov, Valery",4100069,1992-07-01,2655
"985","Salov, Valery",4100069,1992-01-01,2655
"986","Salov, Valery",4100069,1991-07-01,2665
"987","Salov, Valery",4100069,1991-01-01,2645
"988","Salov, Valery",4100069,1990-07-01,2655
"989","Salov, Valery",4100069,1990-01-01,2645
"990","Salov, Valery",4100069,1989-07-01,2645
"991","Salov, Valery",4100069,1989-01-01,2630
"992","Salov, Valery",4100069,1988-07-01,2625
"993","Salov, Valery",4100069,1988-01-01,2595
"994","Salov, Valery",4100069,1987-07-01,2575
"995","Salov, Valery",4100069,1987-01-01,2550
"996","Salov, Valery",4100069,1986-07-01,2550
"997","Salov, Valery",4100069,1986-01-01,2525
"998","Salov, Valery",4100069,1985-07-01,2505
"999","Salov, Valery",4100069,1985-01-01,2525
"1000","Salov, Valery",4100069,1984-07-01,2480
"1001","Salov, Valery",4100069,1984-01-01,2440
"1002","Salov, Valery",4100069,1983-07-01,2415
"1003","Salov, Valery",4100069,1983-01-01,2400
"1004","Salov, Valery",4100069,1982-07-01,2350
"1005","Salov, Valery",4100069,1982-01-01,2330
"1006","Salov, Valery",4100069,1981-07-01,2295
"1007","Salov, Valery",4100069,1981-01-01,2320
"1008","Sargissian, Gabriel",13300881,1999-07-01,2470
"1009","Sargissian, Gabriel",13300881,1999-01-01,2422
"1010","Sargissian, Gabriel",13300881,1998-07-01,2290
"1011","Sargissian, Gabriel",13300881,1998-01-01,2270
"1012","Sargissian, Gabriel",13300881,1997-07-01,2295
"1013","Sargissian, Gabriel",13300881,1997-01-01,2335
"1014","Sargissian, Gabriel",13300881,1996-07-01,2270
"1015","Sasikiran, Krishnan",5004985,1999-07-01,2536
"1016","Sasikiran, Krishnan",5004985,1999-01-01,2525
"1017","Sasikiran, Krishnan",5004985,1998-07-01,2470
"1018","Sasikiran, Krishnan",5004985,1998-01-01,2470
"1019","Sasikiran, Krishnan",5004985,1997-07-01,2430
"1020","Sasikiran, Krishnan",5004985,1997-01-01,2375
"1021","Sasikiran, Krishnan",5004985,1996-07-01,2335
"1022","Sasikiran, Krishnan",5004985,1996-01-01,2275
"1023","Seirawan, Yasser",2000032,1999-07-01,2653
"1024","Seirawan, Yasser",2000032,1999-01-01,2643
"1025","Seirawan, Yasser",2000032,1998-07-01,2630
"1026","Seirawan, Yasser",2000032,1998-01-01,2625
"1027","Seirawan, Yasser",2000032,1997-07-01,2630
"1028","Seirawan, Yasser",2000032,1997-01-01,2630
"1029","Seirawan, Yasser",2000032,1996-07-01,2630
"1030","Seirawan, Yasser",2000032,1996-01-01,2630
"1031","Seirawan, Yasser",2000032,1995-07-01,2625
"1032","Seirawan, Yasser",2000032,1995-01-01,2600
"1033","Seirawan, Yasser",2000032,1994-07-01,2585
"1034","Seirawan, Yasser",2000032,1994-01-01,2585
"1035","Seirawan, Yasser",2000032,1993-07-01,2575
"1036","Seirawan, Yasser",2000032,1993-01-01,2595
"1037","Seirawan, Yasser",2000032,1992-07-01,2605
"1038","Seirawan, Yasser",2000032,1992-01-01,2600
"1039","Seirawan, Yasser",2000032,1991-07-01,2615
"1040","Seirawan, Yasser",2000032,1991-01-01,2595
"1041","Seirawan, Yasser",2000032,1990-07-01,2635
"1042","Seirawan, Yasser",2000032,1990-01-01,2595
"1043","Seirawan, Yasser",2000032,1989-07-01,2585
"1044","Seirawan, Yasser",2000032,1989-01-01,2610
"1045","Seirawan, Yasser",2000032,1988-07-01,2610
"1046","Seirawan, Yasser",2000032,1988-01-01,2595
"1047","Seirawan, Yasser",2000032,1987-07-01,2600
"1048","Seirawan, Yasser",2000032,1987-01-01,2595
"1049","Seirawan, Yasser",2000032,1986-07-01,2580
"1050","Seirawan, Yasser",2000032,1986-01-01,2605
"1051","Seirawan, Yasser",2000032,1985-07-01,2570
"1052","Seirawan, Yasser",2000032,1985-01-01,2560
"1053","Seirawan, Yasser",2000032,1984-07-01,2565
"1054","Seirawan, Yasser",2000032,1984-01-01,2525
"1055","Seirawan, Yasser",2000032,1983-07-01,2605
"1056","Seirawan, Yasser",2000032,1983-01-01,2600
"1057","Seirawan, Yasser",2000032,1982-07-01,2595
"1058","Seirawan, Yasser",2000032,1982-01-01,2575
"1059","Seirawan, Yasser",2000032,1981-07-01,2565
"1060","Seirawan, Yasser",2000032,1981-01-01,2555
"1061","Seirawan, Yasser",2000032,1980-01-01,2510
"1062","Seirawan, Yasser",2000032,1979-01-01,2485
"1063","Seirawan, Yasser",2000032,1978-07-01,2455
"1064","Seirawan, Yasser",2000032,1978-01-01,2455
"1065","Shirov, Alexei",2209390,1999-07-01,2734
"1066","Shirov, Alexei",2209390,1999-01-01,2726
"1067","Shirov, Alexei",2209390,1998-07-01,2720
"1068","Shirov, Alexei",2209390,1998-01-01,2710
"1069","Shirov, Alexei",2209390,1997-07-01,2700
"1070","Shirov, Alexei",2209390,1997-01-01,2690
"1071","Shirov, Alexei",2209390,1996-07-01,2685
"1072","Shirov, Alexei",2209390,1996-01-01,2690
"1073","Shirov, Alexei",2209390,1995-07-01,2695
"1074","Shirov, Alexei",2209390,1995-01-01,2710
"1075","Shirov, Alexei",2209390,1994-07-01,2740
"1076","Shirov, Alexei",2209390,1994-01-01,2715
"1077","Shirov, Alexei",2209390,1993-07-01,2685
"1078","Shirov, Alexei",2209390,1993-01-01,2670
"1079","Shirov, Alexei",2209390,1992-07-01,2710
"1080","Shirov, Alexei",2209390,1992-01-01,2655
"1081","Shirov, Alexei",2209390,1991-07-01,2610
"1082","Shirov, Alexei",2209390,1991-01-01,2615
"1083","Shirov, Alexei",2209390,1990-07-01,2580
"1084","Shirov, Alexei",2209390,1990-01-01,2500
"1085","Shirov, Alexei",2209390,1989-07-01,2495
"1086","Shirov, Alexei",2209390,1989-01-01,2450
"1087","Smirin, Ilia",2801990,1999-07-01,2671
"1088","Smirin, Ilia",2801990,1999-01-01,2652
"1089","Smirin, Ilia",2801990,1998-07-01,2615
"1090","Smirin, Ilia",2801990,1998-01-01,2590
"1091","Smirin, Ilia",2801990,1997-07-01,2600
"1092","Smirin, Ilia",2801990,1997-01-01,2575
"1093","Smirin, Ilia",2801990,1996-07-01,2625
"1094","Smirin, Ilia",2801990,1996-01-01,2615
"1095","Smirin, Ilia",2801990,1995-07-01,2630
"1096","Smirin, Ilia",2801990,1995-01-01,2630
"1097","Smirin, Ilia",2801990,1994-07-01,2615
"1098","Smirin, Ilia",2801990,1994-01-01,2615
"1099","Smirin, Ilia",2801990,1993-07-01,2640
"1100","Smirin, Ilia",2801990,1993-01-01,2590
"1101","Smirin, Ilia",2801990,1992-07-01,2555
"1102","Smirin, Ilia",2801990,1992-01-01,2545
"1103","Smirin, Ilia",2801990,1991-07-01,2545
"1104","Smirin, Ilia",2801990,1991-01-01,2560
"1105","Smirin, Ilia",2801990,1990-07-01,2555
"1106","Smirin, Ilia",2801990,1990-01-01,2535
"1107","Smirin, Ilia",2801990,1989-07-01,2530
"1108","Smirin, Ilia",2801990,1989-01-01,2490
"1109","Smirin, Ilia",2801990,1988-07-01,2500
"1110","Smirin, Ilia",2801990,1988-01-01,2510
"1111","Smirin, Ilia",2801990,1987-07-01,2480
"1112","Smirin, Ilia",2801990,1987-01-01,2465
"1113","Socko, Bartosz",1107038,1999-07-01,2543
"1114","Socko, Bartosz",1107038,1999-01-01,2497
"1115","Socko, Bartosz",1107038,1998-07-01,2475
"1116","Socko, Bartosz",1107038,1998-01-01,2485
"1117","Socko, Bartosz",1107038,1997-07-01,2435
"1118","Socko, Bartosz",1107038,1997-01-01,2435
"1119","Socko, Bartosz",1107038,1996-07-01,2445
"1120","Socko, Bartosz",1107038,1996-01-01,2455
"1121","Socko, Bartosz",1107038,1995-07-01,2485
"1122","Socko, Bartosz",1107038,1995-01-01,2385
"1123","Socko, Bartosz",1107038,1994-07-01,2345
"1124","Socko, Bartosz",1107038,1994-01-01,2335
"1125","Socko, Bartosz",1107038,1993-07-01,2325
"1126","Socko, Bartosz",1107038,1993-01-01,2240
"1127","Socko, Bartosz",1107038,1992-07-01,2255
"1128","Stellwagen, Daniel",1006673,1999-07-01,2254
"1129","Stellwagen, Daniel",1006673,1999-01-01,2154
"1130","Svidler, Peter",4102142,1999-07-01,2684
"1131","Svidler, Peter",4102142,1999-01-01,2713
"1132","Svidler, Peter",4102142,1998-07-01,2710
"1133","Svidler, Peter",4102142,1998-01-01,2690
"1134","Svidler, Peter",4102142,1997-07-01,2660
"1135","Svidler, Peter",4102142,1997-01-01,2640
"1136","Svidler, Peter",4102142,1996-07-01,2650
"1137","Svidler, Peter",4102142,1996-01-01,2630
"1138","Svidler, Peter",4102142,1995-07-01,2635
"1139","Svidler, Peter",4102142,1995-01-01,2585
"1140","Svidler, Peter",4102142,1994-07-01,2550
"1141","Svidler, Peter",4102142,1994-01-01,2505
"1142","Svidler, Peter",4102142,1993-07-01,2495
"1143","Svidler, Peter",4102142,1993-01-01,2490
"1144","Svidler, Peter",4102142,1992-07-01,2455
"1145","Svidler, Peter",4102142,1992-01-01,2465
"1146","Svidler, Peter",4102142,1991-07-01,2460
"1147","Svidler, Peter",4102142,1991-01-01,2480
"1148","Svidler, Peter",4102142,1990-07-01,2430
"1149","Tiviakov, Sergei",1008013,1999-07-01,2611
"1150","Tiviakov, Sergei",1008013,1999-01-01,2627
"1151","Tiviakov, Sergei",1008013,1998-07-01,2655
"1152","Tiviakov, Sergei",1008013,1998-01-01,2640
"1153","Tiviakov, Sergei",1008013,1997-07-01,2590
"1154","Tiviakov, Sergei",1008013,1997-01-01,2600
"1155","Tiviakov, Sergei",1008013,1996-07-01,2615
"1156","Tiviakov, Sergei",1008013,1996-01-01,2625
"1157","Tiviakov, Sergei",1008013,1995-07-01,2655
"1158","Tiviakov, Sergei",1008013,1995-01-01,2625
"1159","Tiviakov, Sergei",1008013,1994-07-01,2640
"1160","Tiviakov, Sergei",1008013,1994-01-01,2630
"1161","Tiviakov, Sergei",1008013,1993-07-01,2635
"1162","Tiviakov, Sergei",1008013,1993-01-01,2575
"1163","Tiviakov, Sergei",1008013,1992-07-01,2585
"1164","Tiviakov, Sergei",1008013,1992-01-01,2575
"1165","Tiviakov, Sergei",1008013,1991-07-01,2535
"1166","Tiviakov, Sergei",1008013,1991-01-01,2520
"1167","Tiviakov, Sergei",1008013,1990-07-01,2500
"1168","Tiviakov, Sergei",1008013,1990-01-01,2490
"1169","Tiviakov, Sergei",1008013,1989-07-01,2480
"1170","Tkachiev, Vladislav",618438,1999-07-01,2648
"1171","Tkachiev, Vladislav",618438,1999-01-01,2634
"1172","Tkachiev, Vladislav",618438,1998-07-01,2645
"1173","Tkachiev, Vladislav",618438,1998-01-01,2645
"1174","Tkachiev, Vladislav",618438,1997-07-01,2615
"1175","Tkachiev, Vladislav",618438,1997-01-01,2630
"1176","Tkachiev, Vladislav",618438,1996-07-01,2620
"1177","Tkachiev, Vladislav",618438,1996-01-01,2600
"1178","Tkachiev, Vladislav",618438,1995-07-01,2605
"1179","Tkachiev, Vladislav",618438,1995-01-01,2575
"1180","Tkachiev, Vladislav",618438,1994-07-01,2535
"1181","Tkachiev, Vladislav",618438,1994-01-01,2510
"1182","Tkachiev, Vladislav",618438,1993-07-01,2455
"1183","Tkachiev, Vladislav",618438,1993-01-01,2380
"1184","Tkachiev, Vladislav",618438,1992-07-01,2430
"1185","Tomashevsky, Evgeny",4147235,1999-07-01,2292
"1186","Topalov, Veselin",2900084,1999-07-01,2690
"1187","Topalov, Veselin",2900084,1999-01-01,2700
"1188","Topalov, Veselin",2900084,1998-07-01,2700
"1189","Topalov, Veselin",2900084,1998-01-01,2740
"1190","Topalov, Veselin",2900084,1997-07-01,2745
"1191","Topalov, Veselin",2900084,1997-01-01,2725
"1192","Topalov, Veselin",2900084,1996-07-01,2750
"1193","Topalov, Veselin",2900084,1996-01-01,2700
"1194","Topalov, Veselin",2900084,1995-07-01,2670
"1195","Topalov, Veselin",2900084,1995-01-01,2630
"1196","Topalov, Veselin",2900084,1994-07-01,2645
"1197","Topalov, Veselin",2900084,1994-01-01,2640
"1198","Topalov, Veselin",2900084,1993-07-01,2670
"1199","Topalov, Veselin",2900084,1993-01-01,2635
"1200","Topalov, Veselin",2900084,1992-07-01,2520
"1201","Topalov, Veselin",2900084,1992-01-01,2460
"1202","Topalov, Veselin",2900084,1991-07-01,2485
"1203","Topalov, Veselin",2900084,1991-01-01,2455
"1204","Topalov, Veselin",2900084,1990-07-01,2475
"1205","Topalov, Veselin",2900084,1990-01-01,2495
"1206","Topalov, Veselin",2900084,1989-07-01,2460
"1207","Topalov, Veselin",2900084,1989-01-01,2395
"1208","Topalov, Veselin",2900084,1988-07-01,2325
"1209","Topalov, Veselin",2900084,1988-01-01,2300
"1210","Vescovi, Giovanni",2100789,1999-07-01,2522
"1211","Vescovi, Giovanni",2100789,1999-01-01,2522
"1212","Vescovi, Giovanni",2100789,1998-07-01,2525
"1213","Vescovi, Giovanni",2100789,1998-01-01,2480
"1214","Vescovi, Giovanni",2100789,1997-07-01,2480
"1215","Vescovi, Giovanni",2100789,1997-01-01,2490
"1216","Vescovi, Giovanni",2100789,1996-07-01,2490
"1217","Vescovi, Giovanni",2100789,1996-01-01,2475
"1218","Vescovi, Giovanni",2100789,1995-07-01,2465
"1219","Vescovi, Giovanni",2100789,1995-01-01,2465
"1220","Vescovi, Giovanni",2100789,1994-07-01,2455
"1221","Vescovi, Giovanni",2100789,1994-01-01,2430
"1222","Vescovi, Giovanni",2100789,1993-07-01,2340
"1223","Vescovi, Giovanni",2100789,1993-01-01,2340
"1224","Vescovi, Giovanni",2100789,1992-07-01,2330
"1225","Vescovi, Giovanni",2100789,1992-01-01,2295
"1226","Vescovi, Giovanni",2100789,1991-07-01,2225
"1227","Vescovi, Giovanni",2100789,1991-01-01,2260
"1228","Volokitin, Andrei",14107090,1999-07-01,2307
"1229","Volokitin, Andrei",14107090,1999-01-01,2307
"1230","Volokitin, Andrei",14107090,1998-07-01,2240
"1231","Volokitin, Andrei",14107090,1998-01-01,2295
"1232","Wang, Yue",8601429,1999-07-01,2344
"1233","Wojtaszek, Radoslaw",1118358,1999-07-01,2117
"1234","Wojtaszek, Radoslaw",1118358,1999-01-01,2117
"1235","Ye, Jiangchuan",8600040,1999-07-01,2593
"1236","Ye, Jiangchuan",8600040,1999-01-01,2564
"1237","Ye, Jiangchuan",8600040,1998-07-01,2510
"1238","Ye, Jiangchuan",8600040,1998-01-01,2530
"1239","Ye, Jiangchuan",8600040,1997-07-01,2530
"1240","Ye, Jiangchuan",8600040,1997-01-01,2510
"1241","Ye, Jiangchuan",8600040,1996-07-01,2540
"1242","Ye, Jiangchuan",8600040,1996-01-01,2560
"1243","Ye, Jiangchuan",8600040,1995-07-01,2550
"1244","Ye, Jiangchuan",8600040,1995-01-01,2575
"1245","Ye, Jiangchuan",8600040,1994-07-01,2575
"1246","Ye, Jiangchuan",8600040,1994-01-01,2555
"1247","Ye, Jiangchuan",8600040,1993-07-01,2535
"1248","Ye, Jiangchuan",8600040,1993-01-01,2540
"1249","Ye, Jiangchuan",8600040,1992-07-01,2545
"1250","Ye, Jiangchuan",8600040,1992-01-01,2545
"1251","Ye, Jiangchuan",8600040,1991-07-01,2545
"1252","Ye, Jiangchuan",8600040,1991-01-01,2515
"1253","Ye, Jiangchuan",8600040,1990-07-01,2520
"1254","Ye, Jiangchuan",8600040,1990-01-01,2530
"1255","Ye, Jiangchuan",8600040,1989-07-01,2500
"1256","Ye, Jiangchuan",8600040,1989-01-01,2505
"1257","Ye, Jiangchuan",8600040,1988-07-01,2505
"1258","Ye, Jiangchuan",8600040,1988-01-01,2505
"1259","Ye, Jiangchuan",8600040,1987-07-01,2500
"1260","Ye, Jiangchuan",8600040,1987-01-01,2480
"1261","Ye, Jiangchuan",8600040,1986-07-01,2475
"1262","Ye, Jiangchuan",8600040,1986-01-01,2475
"1263","Ye, Jiangchuan",8600040,1985-07-01,2465
"1264","Ye, Jiangchuan",8600040,1985-01-01,2450
"1265","Ye, Jiangchuan",8600040,1984-07-01,2445
"1266","Ye, Jiangchuan",8600040,1984-01-01,2455
"1267","Ye, Jiangchuan",8600040,1983-07-01,2425
"1268","Ye, Jiangchuan",8600040,1983-01-01,2425
"1269","Ye, Jiangchuan",8600040,1982-07-01,2385
"1270","Ye, Jiangchuan",8600040,1982-01-01,2385
"1271","Zhang, Zhong",8600694,1999-07-01,2541
"1272","Zhang, Zhong",8600694,1999-01-01,2555
"1273","Zhang, Zhong",8600694,1998-07-01,2510
"1274","Zhang, Zhong",8600694,1998-01-01,2530
"1275","Zhang, Zhong",8600694,1997-07-01,2475
"1276","Zhang, Zhong",8600694,1997-01-01,2450
"1277","Zhang, Zhong",8600694,1996-07-01,2425
"1278","Zhang, Zhong",8600694,1996-01-01,2430
"1279","Zhang, Zhong",8600694,1995-07-01,2430
"1280","Zhang, Zhong",8600694,1995-01-01,2335
"1281","Zhang, Zhong",8600694,1994-07-01,2335
"1282","Zvjaginsev, Vadim",4113403,1999-07-01,2652
"1283","Zvjaginsev, Vadim",4113403,1999-01-01,2658
"1284","Zvjaginsev, Vadim",4113403,1998-07-01,2650
"1285","Zvjaginsev, Vadim",4113403,1998-01-01,2655
"1286","Zvjaginsev, Vadim",4113403,1997-07-01,2635
"1287","Zvjaginsev, Vadim",4113403,1997-01-01,2610
"1288","Zvjaginsev, Vadim",4113403,1996-07-01,2590
"1289","Zvjaginsev, Vadim",4113403,1996-01-01,2585
"1290","Zvjaginsev, Vadim",4113403,1995-07-01,2600
"1291","Zvjaginsev, Vadim",4113403,1995-01-01,2585
"1292","Zvjaginsev, Vadim",4113403,1994-07-01,2585
"1293","Zvjaginsev, Vadim",4113403,1994-01-01,2545
"1294","Zvjaginsev, Vadim",4113403,1993-07-01,2455
"1295","Zvjaginsev, Vadim",4113403,1993-01-01,2445
"1296","Zvjaginsev, Vadim",4113403,1992-07-01,2415
"1297","Zvjaginsev, Vadim",4113403,1992-01-01,2415
"1298","Zvjaginsev, Vadim",4113403,1991-07-01,2400
"1299","Zvjaginsev, Vadim",4113403,1991-01-01,2405
"1300","Bruzon Batista, Lazaro",3503739,1999-07-01,2528
"1301","Bruzon Batista, Lazaro",3503739,1999-01-01,2488
"1302","Bruzon Batista, Lazaro",3503739,1998-07-01,2470
"1303","Bruzon Batista, Lazaro",3503739,1998-01-01,2325
"1304","Bruzon Batista, Lazaro",3503739,1997-07-01,2345
"1305","Dominguez Perez, Leinier",3503240,1999-07-01,2506
"1306","Dominguez Perez, Leinier",3503240,1999-01-01,2479
"1307","Dominguez Perez, Leinier",3503240,1998-07-01,2585
"1308","Dominguez Perez, Leinier",3503240,1998-01-01,2215
"1309","Dominguez Perez, Leinier",3503240,1997-07-01,2215
"1310","Dominguez Perez, Leinier",3503240,1997-01-01,2190
"1311","Dominguez Perez, Leinier",3503240,1996-07-01,2205
"1312","Fedorchuk, Sergey A.",14102536,1999-07-01,2457
"1313","Fedorchuk, Sergey A.",14102536,1999-01-01,2457
"1314","Fedorchuk, Sergey A.",14102536,1998-07-01,2415
"1315","Fedorchuk, Sergey A.",14102536,1998-01-01,2345
"1316","Fedorchuk, Sergey A.",14102536,1997-07-01,2315
"1317","Fedorchuk, Sergey A.",14102536,1997-01-01,2255
"1318","Fedorchuk, Sergey A.",14102536,1996-07-01,2265
"1319","Fedorchuk, Sergey A.",14102536,1996-01-01,2380
"1320","Fedorchuk, Sergey A.",14102536,1995-07-01,2365
"1321","Fedorchuk, Sergey A.",14102536,1995-01-01,2365
"1322","Ganguly, Surya Shekhar",5002150,1999-07-01,2340
"1323","Ganguly, Surya Shekhar",5002150,1999-01-01,2343
"1324","Ganguly, Surya Shekhar",5002150,1998-07-01,2300
"1325","Ganguly, Surya Shekhar",5002150,1998-01-01,2300
"1326","Ganguly, Surya Shekhar",5002150,1997-07-01,2285
"1327","Ganguly, Surya Shekhar",5002150,1997-01-01,2265
"1328","Ganguly, Surya Shekhar",5002150,1996-07-01,2265
"1329","Ganguly, Surya Shekhar",5002150,1996-01-01,2265
"1330","Ganguly, Surya Shekhar",5002150,1995-07-01,2225
"1331","Ganguly, Surya Shekhar",5002150,1995-01-01,2195
"1332","Ganguly, Surya Shekhar",5002150,1994-07-01,2180
"1333","Ganguly, Surya Shekhar",5002150,1994-01-01,2130
"1334","Ganguly, Surya Shekhar",5002150,1993-07-01,2130
"1335","Ganguly, Surya Shekhar",5002150,1993-01-01,2115
"1336","Granda Zuniga, Julio E",3800024,1999-07-01,2605
"1337","Granda Zuniga, Julio E",3800024,1999-01-01,2605
"1338","Granda Zuniga, Julio E",3800024,1998-07-01,2605
"1339","Granda Zuniga, Julio E",3800024,1998-01-01,2630
"1340","Granda Zuniga, Julio E",3800024,1997-07-01,2625
"1341","Granda Zuniga, Julio E",3800024,1997-01-01,2620
"1342","Granda Zuniga, Julio E",3800024,1996-07-01,2610
"1343","Granda Zuniga, Julio E",3800024,1996-01-01,2600
"1344","Granda Zuniga, Julio E",3800024,1995-07-01,2605
"1345","Granda Zuniga, Julio E",3800024,1995-01-01,2620
"1346","Granda Zuniga, Julio E",3800024,1994-07-01,2620
"1347","Granda Zuniga, Julio E",3800024,1994-01-01,2605
"1348","Granda Zuniga, Julio E",3800024,1993-07-01,2605
"1349","Granda Zuniga, Julio E",3800024,1993-01-01,2590
"1350","Granda Zuniga, Julio E",3800024,1992-07-01,2565
"1351","Granda Zuniga, Julio E",3800024,1992-01-01,2615
"1352","Granda Zuniga, Julio E",3800024,1991-07-01,2595
"1353","Granda Zuniga, Julio E",3800024,1991-01-01,2550
"1354","Granda Zuniga, Julio E",3800024,1990-07-01,2485
"1355","Granda Zuniga, Julio E",3800024,1990-01-01,2510
"1356","Granda Zuniga, Julio E",3800024,1989-07-01,2505
"1357","Granda Zuniga, Julio E",3800024,1989-01-01,2500
"1358","Granda Zuniga, Julio E",3800024,1988-07-01,2535
"1359","Granda Zuniga, Julio E",3800024,1988-01-01,2540
"1360","Granda Zuniga, Julio E",3800024,1987-07-01,2525
"1361","Granda Zuniga, Julio E",3800024,1987-01-01,2555
"1362","Granda Zuniga, Julio E",3800024,1986-07-01,2475
"1363","Granda Zuniga, Julio E",3800024,1986-01-01,2420
"1364","Granda Zuniga, Julio E",3800024,1985-07-01,2440
"1365","Granda Zuniga, Julio E",3800024,1985-01-01,2440
"1366","Granda Zuniga, Julio E",3800024,1984-07-01,2460
"1367","Granda Zuniga, Julio E",3800024,1984-01-01,2415
"1368","Granda Zuniga, Julio E",3800024,1983-07-01,2365
"1369","Granda Zuniga, Julio E",3800024,1983-01-01,2365
"1370","Granda Zuniga, Julio E",3800024,1982-07-01,2290
"1371","Hodgson, Julian M",400076,1999-07-01,2605
"1372","Hodgson, Julian M",400076,1999-01-01,2565
"1373","Hodgson, Julian M",400076,1998-07-01,2575
"1374","Hodgson, Julian M",400076,1998-01-01,2575
"1375","Hodgson, Julian M",400076,1997-07-01,2590
"1376","Hodgson, Julian M",400076,1997-01-01,2560
"1377","Hodgson, Julian M",400076,1996-07-01,2550
"1378","Hodgson, Julian M",400076,1996-01-01,2615
"1379","Hodgson, Julian M",400076,1995-07-01,2590
"1380","Hodgson, Julian M",400076,1995-01-01,2615
"1381","Hodgson, Julian M",400076,1994-07-01,2590
"1382","Hodgson, Julian M",400076,1994-01-01,2570
"1383","Hodgson, Julian M",400076,1993-07-01,2625
"1384","Hodgson, Julian M",400076,1993-01-01,2565
"1385","Hodgson, Julian M",400076,1992-07-01,2555
"1386","Hodgson, Julian M",400076,1992-01-01,2580
"1387","Hodgson, Julian M",400076,1991-07-01,2570
"1388","Hodgson, Julian M",400076,1991-01-01,2545
"1389","Hodgson, Julian M",400076,1990-07-01,2555
"1390","Hodgson, Julian M",400076,1990-01-01,2540
"1391","Hodgson, Julian M",400076,1989-07-01,2535
"1392","Hodgson, Julian M",400076,1989-01-01,2545
"1393","Hodgson, Julian M",400076,1988-07-01,2525
"1394","Hodgson, Julian M",400076,1988-01-01,2480
"1395","Hodgson, Julian M",400076,1987-07-01,2510
"1396","Hodgson, Julian M",400076,1987-01-01,2520
"1397","Hodgson, Julian M",400076,1986-07-01,2500
"1398","Hodgson, Julian M",400076,1986-01-01,2480
"1399","Hodgson, Julian M",400076,1985-07-01,2445
"1400","Hodgson, Julian M",400076,1985-01-01,2455
"1401","Hodgson, Julian M",400076,1984-07-01,2450
"1402","Hodgson, Julian M",400076,1984-01-01,2440
"1403","Hodgson, Julian M",400076,1983-07-01,2385
"1404","Hodgson, Julian M",400076,1983-01-01,2350
"1405","Hodgson, Julian M",400076,1982-07-01,2385
"1406","Hodgson, Julian M",400076,1982-01-01,2395
"1407","Hodgson, Julian M",400076,1981-07-01,2370
"1408","Hodgson, Julian M",400076,1981-01-01,2360
"1409","Hodgson, Julian M",400076,1980-01-01,2315
"1410","Hodgson, Julian M",400076,1979-01-01,2285
"1411","Hodgson, Julian M",400076,1978-01-01,2265
"1412","Illescas Cordoba, Miguel",2200015,1999-07-01,2600
"1413","Illescas Cordoba, Miguel",2200015,1999-01-01,2585
"1414","Illescas Cordoba, Miguel",2200015,1998-07-01,2605
"1415","Illescas Cordoba, Miguel",2200015,1998-01-01,2600
"1416","Illescas Cordoba, Miguel",2200015,1997-07-01,2585
"1417","Illescas Cordoba, Miguel",2200015,1997-01-01,2635
"1418","Illescas Cordoba, Miguel",2200015,1996-07-01,2640
"1419","Illescas Cordoba, Miguel",2200015,1996-01-01,2635
"1420","Illescas Cordoba, Miguel",2200015,1995-07-01,2620
"1421","Illescas Cordoba, Miguel",2200015,1995-01-01,2595
"1422","Illescas Cordoba, Miguel",2200015,1994-07-01,2590
"1423","Illescas Cordoba, Miguel",2200015,1994-01-01,2590
"1424","Illescas Cordoba, Miguel",2200015,1993-07-01,2625
"1425","Illescas Cordoba, Miguel",2200015,1993-01-01,2615
"1426","Illescas Cordoba, Miguel",2200015,1992-07-01,2600
"1427","Illescas Cordoba, Miguel",2200015,1992-01-01,2555
"1428","Illescas Cordoba, Miguel",2200015,1991-07-01,2545
"1429","Illescas Cordoba, Miguel",2200015,1991-01-01,2545
"1430","Illescas Cordoba, Miguel",2200015,1990-07-01,2535
"1431","Illescas Cordoba, Miguel",2200015,1990-01-01,2530
"1432","Illescas Cordoba, Miguel",2200015,1989-07-01,2510
"1433","Illescas Cordoba, Miguel",2200015,1989-01-01,2525
"1434","Illescas Cordoba, Miguel",2200015,1988-07-01,2495
"1435","Illescas Cordoba, Miguel",2200015,1988-01-01,2495
"1436","Illescas Cordoba, Miguel",2200015,1987-07-01,2520
"1437","Illescas Cordoba, Miguel",2200015,1987-01-01,2505
"1438","Illescas Cordoba, Miguel",2200015,1986-07-01,2475
"1439","Illescas Cordoba, Miguel",2200015,1986-01-01,2465
"1440","Illescas Cordoba, Miguel",2200015,1985-07-01,2330
"1441","Illescas Cordoba, Miguel",2200015,1985-01-01,2320
"1442","Illescas Cordoba, Miguel",2200015,1984-07-01,2320
"1443","McShane, Luke J",404853,1999-07-01,2467
"1444","McShane, Luke J",404853,1999-01-01,2497
"1445","McShane, Luke J",404853,1998-07-01,2470
"1446","McShane, Luke J",404853,1998-01-01,2490
"1447","McShane, Luke J",404853,1997-07-01,2455
"1448","McShane, Luke J",404853,1997-01-01,2400
"1449","McShane, Luke J",404853,1996-07-01,2385
"1450","McShane, Luke J",404853,1996-01-01,2295
"1451","McShane, Luke J",404853,1995-07-01,2170
"1452","McShane, Luke J",404853,1995-01-01,2145
"1453","McShane, Luke J",404853,1994-07-01,2095
"1454","McShane, Luke J",404853,1994-01-01,2130
"1455","Nielsen, Peter Heine",1400355,1999-07-01,2560
"1456","Nielsen, Peter Heine",1400355,1999-01-01,2515
"1457","Nielsen, Peter Heine",1400355,1998-07-01,2515
"1458","Nielsen, Peter Heine",1400355,1998-01-01,2505
"1459","Nielsen, Peter Heine",1400355,1997-07-01,2515
"1460","Nielsen, Peter Heine",1400355,1997-01-01,2525
"1461","Nielsen, Peter Heine",1400355,1996-07-01,2530
"1462","Nielsen, Peter Heine",1400355,1996-01-01,2495
"1463","Nielsen, Peter Heine",1400355,1995-07-01,2500
"1464","Nielsen, Peter Heine",1400355,1995-01-01,2500
"1465","Nielsen, Peter Heine",1400355,1994-07-01,2495
"1466","Nielsen, Peter Heine",1400355,1994-01-01,2475
"1467","Nielsen, Peter Heine",1400355,1993-07-01,2465
"1468","Nielsen, Peter Heine",1400355,1993-01-01,2440
"1469","Nielsen, Peter Heine",1400355,1992-07-01,2405
"1470","Nielsen, Peter Heine",1400355,1992-01-01,2425
"1471","Nielsen, Peter Heine",1400355,1991-07-01,2445
"1472","Nielsen, Peter Heine",1400355,1991-01-01,2365
"1473","Nielsen, Peter Heine",1400355,1990-07-01,2340
"1474","Nielsen, Peter Heine",1400355,1990-01-01,2280
"1475","Nielsen, Peter Heine",1400355,1989-07-01,2255
"1476","Nielsen, Peter Heine",1400355,1989-01-01,2235
"1477","Nielsen, Peter Heine",1400355,1988-07-01,2235
"1478","Nielsen, Peter Heine",1400355,1988-01-01,2235
"1479","Nielsen, Peter Heine",1400355,1987-07-01,2235
"1480","Nielsen, Peter Heine",1400355,1987-01-01,2235
"1481","Nielsen, Peter Heine",1400355,1986-07-01,2235
"1482","Sadler, Matthew D",400173,1999-07-01,2626
"1483","Sadler, Matthew D",400173,1999-01-01,2667
"1484","Sadler, Matthew D",400173,1998-07-01,2660
"1485","Sadler, Matthew D",400173,1998-01-01,2650
"1486","Sadler, Matthew D",400173,1997-07-01,2665
"1487","Sadler, Matthew D",400173,1997-01-01,2650
"1488","Sadler, Matthew D",400173,1996-07-01,2615
"1489","Sadler, Matthew D",400173,1996-01-01,2600
"1490","Sadler, Matthew D",400173,1995-07-01,2575
"1491","Sadler, Matthew D",400173,1995-01-01,2575
"1492","Sadler, Matthew D",400173,1994-07-01,2560
"1493","Sadler, Matthew D",400173,1994-01-01,2560
"1494","Sadler, Matthew D",400173,1993-07-01,2535
"1495","Sadler, Matthew D",400173,1993-01-01,2540
"1496","Sadler, Matthew D",400173,1992-07-01,2515
"1497","Sadler, Matthew D",400173,1992-01-01,2485
"1498","Sadler, Matthew D",400173,1991-07-01,2480
"1499","Sadler, Matthew D",400173,1991-01-01,2440
"1500","Sadler, Matthew D",400173,1990-07-01,2470
"1501","Sadler, Matthew D",400173,1990-01-01,2465
"1502","Sadler, Matthew D",400173,1989-07-01,2455
"1503","Sadler, Matthew D",400173,1989-01-01,2430
"1504","Sadler, Matthew D",400173,1988-07-01,2385
"1505","Sadler, Matthew D",400173,1988-01-01,2385
"1506","Vallejo Pons, Francisco",2205530,1999-07-01,2519
"1507","Vallejo Pons, Francisco",2205530,1999-01-01,2494
"1508","Vallejo Pons, Francisco",2205530,1998-07-01,2450
"1509","Vallejo Pons, Francisco",2205530,1998-01-01,2415
"1510","Vallejo Pons, Francisco",2205530,1997-07-01,2415
"1511","Vallejo Pons, Francisco",2205530,1997-01-01,2385
"1512","Vallejo Pons, Francisco",2205530,1996-07-01,2420
"1513","Vallejo Pons, Francisco",2205530,1996-01-01,2355
"1514","Vallejo Pons, Francisco",2205530,1995-07-01,2325
"1515","Vallejo Pons, Francisco",2205530,1995-01-01,2300
"1516","Vallejo Pons, Francisco",2205530,1994-07-01,2300
"1517","Vallejo Pons, Francisco",2205530,1994-01-01,2315
"1518","Van Wely, Loek",1000268,1999-07-01,2629
"1519","Van Wely, Loek",1000268,1999-01-01,2632
"1520","Van Wely, Loek",1000268,1998-07-01,2635
"1521","Van Wely, Loek",1000268,1998-01-01,2615
"1522","Van Wely, Loek",1000268,1997-07-01,2655
"1523","Van Wely, Loek",1000268,1997-01-01,2645
"1524","Van Wely, Loek",1000268,1996-07-01,2605
"1525","Van Wely, Loek",1000268,1996-01-01,2570
"1526","Van Wely, Loek",1000268,1995-07-01,2585
"1527","Van Wely, Loek",1000268,1995-01-01,2580
"1528","Van Wely, Loek",1000268,1994-07-01,2560
"1529","Van Wely, Loek",1000268,1994-01-01,2570
"1530","Van Wely, Loek",1000268,1993-07-01,2590
"1531","Van Wely, Loek",1000268,1993-01-01,2560
"1532","Van Wely, Loek",1000268,1992-07-01,2525
"1533","Van Wely, Loek",1000268,1992-01-01,2560
"1534","Van Wely, Loek",1000268,1991-07-01,2475
"1535","Van Wely, Loek",1000268,1991-01-01,2460
"1536","Van Wely, Loek",1000268,1990-07-01,2400
"1537","Van Wely, Loek",1000268,1990-01-01,2445
"1538","Van Wely, Loek",1000268,1989-07-01,2320
"1539","Van Wely, Loek",1000268,1989-01-01,2295
"1540","Van Wely, Loek",1000268,1988-07-01,2325
"1541","Kasparov, Garry",4100018,1999-07-01,2851
"1542","Kasparov, Garry",4100018,1999-01-01,2812
"1543","Kasparov, Garry",4100018,1998-07-01,2815
"1544","Kasparov, Garry",4100018,1998-01-01,2825
"1545","Kasparov, Garry",4100018,1997-07-01,2820
"1546","Kasparov, Garry",4100018,1997-01-01,2795
"1547","Kasparov, Garry",4100018,1996-07-01,2785
"1548","Kasparov, Garry",4100018,1996-01-01,2775
"1549","Kasparov, Garry",4100018,1995-07-01,2795
"1550","Kasparov, Garry",4100018,1995-01-01,2805
"1551","Kasparov, Garry",4100018,1993-07-01,2815
"1552","Kasparov, Garry",4100018,1993-01-01,2805
"1553","Kasparov, Garry",4100018,1992-07-01,2790
"1554","Kasparov, Garry",4100018,1992-01-01,2780
"1555","Kasparov, Garry",4100018,1991-07-01,2770
"1556","Kasparov, Garry",4100018,1991-01-01,2800
"1557","Kasparov, Garry",4100018,1990-07-01,2800
"1558","Kasparov, Garry",4100018,1990-01-01,2800
"1559","Kasparov, Garry",4100018,1989-07-01,2775
"1560","Kasparov, Garry",4100018,1989-01-01,2775
"1561","Kasparov, Garry",4100018,1988-07-01,2760
"1562","Kasparov, Garry",4100018,1988-01-01,2750
"1563","Kasparov, Garry",4100018,1987-07-01,2740
"1564","Kasparov, Garry",4100018,1987-01-01,2735
"1565","Kasparov, Garry",4100018,1986-07-01,2740
"1566","Kasparov, Garry",4100018,1986-01-01,2720
"1567","Kasparov, Garry",4100018,1985-07-01,2700
"1568","Kasparov, Garry",4100018,1985-01-01,2715
"1569","Kasparov, Garry",4100018,1984-07-01,2715
"1570","Kasparov, Garry",4100018,1984-01-01,2710
"1571","Kasparov, Garry",4100018,1983-07-01,2690
"1572","Kasparov, Garry",4100018,1983-01-01,2690
"1573","Kasparov, Garry",4100018,1982-07-01,2675
"1574","Kasparov, Garry",4100018,1982-01-01,2640
"1575","Kasparov, Garry",4100018,1981-07-01,2630
"1576","Kasparov, Garry",4100018,1981-01-01,2625
"1577","Kasparov, Garry",4100018,1980-01-01,2595
"1578","Kasparov, Garry",4100018,1979-07-01,2545
"1579","Short, Nigel D",400025,1999-07-01,2675
"1580","Short, Nigel D",400025,1999-01-01,2697
"1581","Short, Nigel D",400025,1998-07-01,2670
"1582","Short, Nigel D",400025,1998-01-01,2660
"1583","Short, Nigel D",400025,1997-07-01,2660
"1584","Short, Nigel D",400025,1997-01-01,2690
"1585","Short, Nigel D",400025,1996-07-01,2695
"1586","Short, Nigel D",400025,1996-01-01,2665
"1587","Short, Nigel D",400025,1995-07-01,2645
"1588","Short, Nigel D",400025,1995-01-01,2655
"1589","Short, Nigel D",400025,1993-07-01,2665
"1590","Short, Nigel D",400025,1993-01-01,2655
"1591","Short, Nigel D",400025,1992-07-01,2680
"1592","Short, Nigel D",400025,1992-01-01,2685
"1593","Short, Nigel D",400025,1991-07-01,2660
"1594","Short, Nigel D",400025,1991-01-01,2635
"1595","Short, Nigel D",400025,1990-07-01,2610
"1596","Short, Nigel D",400025,1990-01-01,2635
"1597","Short, Nigel D",400025,1989-07-01,2660
"1598","Short, Nigel D",400025,1989-01-01,2650
"1599","Short, Nigel D",400025,1988-07-01,2665
"1600","Short, Nigel D",400025,1988-01-01,2630
"1601","Short, Nigel D",400025,1987-07-01,2620
"1602","Short, Nigel D",400025,1987-01-01,2615
"1603","Short, Nigel D",400025,1986-07-01,2615
"1604","Short, Nigel D",400025,1986-01-01,2585
"1605","Short, Nigel D",400025,1985-07-01,2575
"1606","Short, Nigel D",400025,1985-01-01,2535
"1607","Short, Nigel D",400025,1984-07-01,2510
"1608","Short, Nigel D",400025,1984-01-01,2500
"1609","Short, Nigel D",400025,1983-07-01,2475
"1610","Short, Nigel D",400025,1983-01-01,2510
"1611","Short, Nigel D",400025,1982-07-01,2485
"1612","Short, Nigel D",400025,1982-01-01,2430
"1613","Short, Nigel D",400025,1981-07-01,2440
"1614","Short, Nigel D",400025,1981-01-01,2440
"1615","Short, Nigel D",400025,1980-01-01,2360
"1616","Short, Nigel D",400025,1979-01-01,2260
"1617","Short, Nigel D",400025,1978-01-01,2225
